"game_ID","away_team","home_team","game_times"
"4622c02f9bd1df188631c86e04036049","Los Angeles Lakers","Denver Nuggets","2023-10-24"
"9b3130e607f80aa4912aa184e2f4eab3","Phoenix Suns","Golden State Warriors","2023-10-24"
"4eec3d2ccf41b67f09948cb36fceee16","Atlanta Hawks","Charlotte Hornets","2023-10-25"
"04ebbb84dbf8f85789639293d764e98c","Washington Wizards","Indiana Pacers","2023-10-25"
"fc4c2016a5ccbb267aa0d569b1a49283","Boston Celtics","New York Knicks","2023-10-25"
"bc223a7e24fbf5cb9c6eecd0f016f38d","Houston Rockets","Orlando Magic","2023-10-25"
"9df5a18ec404f6abe1632c9244f4a5d4","Cleveland Cavaliers","Brooklyn Nets","2023-10-25"
"e144f29faba3f74fa2cfcff3a453c9f5","Detroit Pistons","Miami Heat","2023-10-25"
"2ac182b5f3deb3427fff7b20ef6923a7","Minnesota Timberwolves","Toronto Raptors","2023-10-25"
"9a246f4d94b4e81172c11e29f73c061b","Oklahoma City Thunder","Chicago Bulls","2023-10-25"
"e7aa4c6ee075887eac8a07785a9f81db","New Orleans Pelicans","Memphis Grizzlies","2023-10-25"
"3da05abaf29cf6c907253180fca9b256","Sacramento Kings","Utah Jazz","2023-10-25"
"5bb0e95012a4c67ec9eb95fedb933e6a","Dallas Mavericks","San Antonio Spurs","2023-10-25"
"14b35b5784ae5cbadba6824cb6fcee98","Portland Trail Blazers","LA Clippers","2023-10-25"
"1eb9915d586c87719ec6934863667a14","Philadelphia 76ers","Milwaukee Bucks","2023-10-26"
"8a673a488573ce37a3bdd7f0c1fd5d3a","Phoenix Suns","Los Angeles Lakers","2023-10-26"
"c8872ae6d185dc314178da88dcf254d5","Detroit Pistons","Charlotte Hornets","2023-10-27"
"14a8cbe914ca50ec6301efbb2a09a906","Denver Nuggets","Memphis Grizzlies","2023-10-27"
"4741f49b87ab73c0a5add62a4f48f992","New York Knicks","Atlanta Hawks","2023-10-27"
"2837480dec215a9c39bcc7a8873280e2","Miami Heat","Boston Celtics","2023-10-27"
"0c6162d6c90f9fc161fb06ac0ad46e38","Oklahoma City Thunder","Cleveland Cavaliers","2023-10-27"
"29ea738c1de18c8f28c09966bb267752","Toronto Raptors","Chicago Bulls","2023-10-27"
"b648f3bec470d6c24c43eab0902cf083","Houston Rockets","San Antonio Spurs","2023-10-27"
"5e902239ce38cccede66c182ced2b9f2","Brooklyn Nets","Dallas Mavericks","2023-10-27"
"36cc02aebbd57205da4ee51be27f1424","LA Clippers","Utah Jazz","2023-10-27"
"bb94e98ccf73f1a630cacf594ac232d2","Orlando Magic","Portland Trail Blazers","2023-10-27"
"f91f9d07281365808aa62ea443998bd9","Golden State Warriors","Sacramento Kings","2023-10-27"
"0d19f0f68bb3de882ab3fc019e1618aa","Chicago Bulls","Detroit Pistons","2023-10-28"
"23c5a2389ecae108083e3f2bb1d40a04","Memphis Grizzlies","Washington Wizards","2023-10-28"
"d24ff2523b81c9b7e662e2e45b8b2a9b","New York Knicks","New Orleans Pelicans","2023-10-28"
"31625d1b9a2b0e2e217ca8a3838cb6ed","Indiana Pacers","Cleveland Cavaliers","2023-10-28"
"fd82589c1de3cfd02bea4dc65a3cb4d4","Philadelphia 76ers","Toronto Raptors","2023-10-28"
"9f8490f5a9773532f4cfad9d3c800d4d","Miami Heat","Minnesota Timberwolves","2023-10-28"
"0da0b1b53777903462a23e598a1bf236","Utah Jazz","Phoenix Suns","2023-10-28"
"de25fc68b2ad92466dbfde1413d36bc4","Denver Nuggets","Oklahoma City Thunder","2023-10-29"
"9c9c28844987db07b9f3a96f5265bb8a","Golden State Warriors","Houston Rockets","2023-10-29"
"b9d80173049b2a752e52672b1c3d46e7","Atlanta Hawks","Milwaukee Bucks","2023-10-29"
"ead80eec2120f49e3232a704112c319a","Portland Trail Blazers","Philadelphia 76ers","2023-10-29"
"d996c6412e7179682ca8ef09b750f638","San Antonio Spurs","LA Clippers","2023-10-29"
"105fbe767ce5d1f9a97fe653861c2da4","Los Angeles Lakers","Sacramento Kings","2023-10-29"
"8e89f1c32afb2db5b73e43a3c5ba0f5a","Brooklyn Nets","Charlotte Hornets","2023-10-30"
"5ede552cdf581985eec76466a053c9d8","Chicago Bulls","Indiana Pacers","2023-10-30"
"f5a0f14b0d5578bf940e20c19c2af45b","Boston Celtics","Washington Wizards","2023-10-30"
"680a2a2643d5b327f2858916572a8de7","Minnesota Timberwolves","Atlanta Hawks","2023-10-30"
"2ac4831a2541b259c7cb6ab7ac090f26","Portland Trail Blazers","Toronto Raptors","2023-10-30"
"eb3343cb795e0862cb2e134dcc88a74f","Dallas Mavericks","Memphis Grizzlies","2023-10-30"
"08900ae4a0e8a2bc2f74ccaaee59d44a","Miami Heat","Milwaukee Bucks","2023-10-30"
"e5fba53adc8b2ebcc46cc653d2f35897","Golden State Warriors","New Orleans Pelicans","2023-10-30"
"cbb6a6adbb94243ce5e51e1c603f860e","Detroit Pistons","Oklahoma City Thunder","2023-10-30"
"4661c2000f39cd09bda400c94bfc7a8b","Utah Jazz","Denver Nuggets","2023-10-30"
"484b9242ca4d60c28bec1cd5660c42ec","Orlando Magic","Los Angeles Lakers","2023-10-30"
"602e24ab02589084003de5de7fb7585c","New York Knicks","Cleveland Cavaliers","2023-10-31"
"cdd8b92c395755fd28308d8b9a748b1d","San Antonio Spurs","Phoenix Suns","2023-10-31"
"061741f2e57ecc1bd8e03a1a1311f15b","Orlando Magic","LA Clippers","2023-10-31"
"776a9be0ce8679c19c5c172a69e800c3","Portland Trail Blazers","Detroit Pistons","2023-11-01"
"ca377ad145035288690b14dff2536b0b","Milwaukee Bucks","Toronto Raptors","2023-11-01"
"4958815658f7ecee2cc2cafe16cea0d9","Washington Wizards","Atlanta Hawks","2023-11-01"
"372d21f96f120b5be3befdd804e8b7c3","Indiana Pacers","Boston Celtics","2023-11-01"
"e1ac6a8f4b1a9a7438eba912a7404d81","Brooklyn Nets","Miami Heat","2023-11-01"
"33efad5a2419a4fa92e8688fc0c05374","Cleveland Cavaliers","New York Knicks","2023-11-01"
"35965d479474c534b1f1970d5439cf32","New Orleans Pelicans","Oklahoma City Thunder","2023-11-01"
"2ef6c9e4dbfa5905f2498f58a2d3d2de","Charlotte Hornets","Houston Rockets","2023-11-01"
"3ec25da0ab9e11e9099100783231b47d","Denver Nuggets","Minnesota Timberwolves","2023-11-01"
"6578130e9ff32752733d9e2ffa33e3e3","Chicago Bulls","Dallas Mavericks","2023-11-01"
"60212c14e2aef3b083ece75bddd1f30e","Memphis Grizzlies","Utah Jazz","2023-11-01"
"3bfb088f462639efe881210bc5034970","Sacramento Kings","Golden State Warriors","2023-11-01"
"b5b06c705e07ce18bec754960b3f904f","LA Clippers","Los Angeles Lakers","2023-11-01"
"7219ef55a2f4464ae0eae37b7fc45c68","Toronto Raptors","Philadelphia 76ers","2023-11-02"
"560f8d2b749c9b9d825b0e0c3cb9e532","Detroit Pistons","New Orleans Pelicans","2023-11-02"
"13b7b5c93b3174c484f52b6a447118ae","Orlando Magic","Utah Jazz","2023-11-02"
"f50ed0298f67394a43530c5e70316fb9","San Antonio Spurs","Phoenix Suns","2023-11-02"
"19fce4f5a9514711cf1bcbf001026cec","Cleveland Cavaliers","Indiana Pacers","2023-11-03"
"42e2129f1bad86dbec4105a6e285d0e4","New York Knicks","Milwaukee Bucks","2023-11-03"
"b8b6e638c99434498544366196057888","Washington Wizards","Miami Heat","2023-11-03"
"b38a130b1f7a1b1433b7c261f38cfc79","Brooklyn Nets","Chicago Bulls","2023-11-03"
"7f1323a9d85388a4050dba6d60bc2644","Golden State Warriors","Oklahoma City Thunder","2023-11-03"
"9e929fa01a924d3e877604211ee6fd6b","Dallas Mavericks","Denver Nuggets","2023-11-03"
"8c81d94ff1cd0ee9bfbd7856c094c1b8","Memphis Grizzlies","Portland Trail Blazers","2023-11-03"
"ce851002c46be6fbd0e2e11c25af20b0","Phoenix Suns","Philadelphia 76ers","2023-11-04"
"5f3fd068d1caf57e4db23d597463537e","Charlotte Hornets","Indiana Pacers","2023-11-04"
"d35014eed0fd74b2554e54bf629bdc60","Los Angeles Lakers","Orlando Magic","2023-11-04"
"c61db033132d5a742ca706b9b65ed5d1","Atlanta Hawks","New Orleans Pelicans","2023-11-04"
"d4f4b56699cfc855f43cbecb28d3a689","Boston Celtics","Brooklyn Nets","2023-11-04"
"a32e2be9e85e43ce282e1e4ebd7fb20e","Sacramento Kings","Houston Rockets","2023-11-04"
"3be8382d9319c3d8a51483a89824e7d4","Utah Jazz","Minnesota Timberwolves","2023-11-04"
"885624d4651a246a926d5c91197bc55b","Chicago Bulls","Denver Nuggets","2023-11-04"
"0fafb0300d08e343a7208a6ce8f85bd1","Phoenix Suns","Detroit Pistons","2023-11-05"
"3d55b563296e6da801a197c4a90dafb3","Toronto Raptors","San Antonio Spurs","2023-11-05"
"98bb6922920e23a48b0deaf7b08043c7","Golden State Warriors","Cleveland Cavaliers","2023-11-05"
"e51a80352b3d790c1e2cbabb7213a5eb","Charlotte Hornets","Dallas Mavericks","2023-11-05"
"669363b75e884ab72ac0f7d3518bc483","Memphis Grizzlies","Portland Trail Blazers","2023-11-05"
"e318662b17993f5252e49e11012f73c3","Golden State Warriors","Detroit Pistons","2023-11-06"
"adf6210976c49816c354d4786e52c8a9","San Antonio Spurs","Indiana Pacers","2023-11-06"
"7f89f7a5fd665737c6c1ebc12b8f6aac","Dallas Mavericks","Orlando Magic","2023-11-06"
"f5dd2ee0238fa7d6bec7f0092dc876d6","Washington Wizards","Philadelphia 76ers","2023-11-06"
"941f4c4222fea1ef8c8d74e331056b45","Milwaukee Bucks","Brooklyn Nets","2023-11-06"
"7276d628cfd1d3f6de38603f621dfa78","Los Angeles Lakers","Miami Heat","2023-11-06"
"67e39bfe6757c9cee5ce4b1996a5b9ba","LA Clippers","New York Knicks","2023-11-06"
"13f1dec7ccb83d408e07aef04896cda5","Utah Jazz","Chicago Bulls","2023-11-06"
"9c4009ab946c4e7a761e92721ccc5959","Sacramento Kings","Houston Rockets","2023-11-06"
"7149d85a278105648bd6020117f5917c","Boston Celtics","Minnesota Timberwolves","2023-11-06"
"f0948e1796ef1b1877a672dae8da4a74","Atlanta Hawks","Oklahoma City Thunder","2023-11-06"
"ae54e30e69ac7e13facdef2a290aaaad","New Orleans Pelicans","Denver Nuggets","2023-11-06"
"c67b38eb6cdcd17927fb9f4a9577ce42","Washington Wizards","Charlotte Hornets","2023-11-08"
"a77dba0b0b66a96587b9f6c13bef260b","Utah Jazz","Indiana Pacers","2023-11-08"
"a1918eac3e3102331e5bfa3db5373b30","Boston Celtics","Philadelphia 76ers","2023-11-08"
"248fa7ad795a476b86095478cb8a6816","LA Clippers","Brooklyn Nets","2023-11-08"
"ea18068f51112a73a7ae7835855044db","San Antonio Spurs","New York Knicks","2023-11-08"
"5157f19a94c25fcaae292d4040835546","Phoenix Suns","Chicago Bulls","2023-11-08"
"e90bd335fb22c10c73bf9bf0272f0c63","Los Angeles Lakers","Houston Rockets","2023-11-08"
"cbb7df9d712ef1b264928a33c303597c","Miami Heat","Memphis Grizzlies","2023-11-08"
"0aa84036b74b729454934c2bb157a744","Detroit Pistons","Milwaukee Bucks","2023-11-08"
"188d97577048aa12ec722741ac5ad672","New Orleans Pelicans","Minnesota Timberwolves","2023-11-08"
"4106a944b5dddead401a7d7e0ad8f894","Cleveland Cavaliers","Oklahoma City Thunder","2023-11-08"
"7b7288fef50222fc845450cdf7bb902a","Toronto Raptors","Dallas Mavericks","2023-11-08"
"093882ec33485255f93a8d564b988190","Golden State Warriors","Denver Nuggets","2023-11-08"
"e121be20530cee5bfa372eef080c6eb0","Portland Trail Blazers","Sacramento Kings","2023-11-08"
"e40f6f9c37bb33d5021fa68dd65aac81","Milwaukee Bucks","Indiana Pacers","2023-11-09"
"9336833f35adbede867667bbeab51ac6","Atlanta Hawks","Orlando Magic","2023-11-09"
"9fb7986357515f0540a5ec36ae99f281","Philadelphia 76ers","Detroit Pistons","2023-11-10"
"9f7c0f39f0008386c6011cd7d2247892","Charlotte Hornets","Washington Wizards","2023-11-10"
"f5c8078fe18d11ad02e6586f6ae2a4a1","Brooklyn Nets","Boston Celtics","2023-11-10"
"49593fb0e055fd918f36cfd3eb917202","New Orleans Pelicans","Houston Rockets","2023-11-10"
"d0f8061f118444fc8a2d7fae120ae7ee","Utah Jazz","Memphis Grizzlies","2023-11-10"
"7a709e569227098f131cd60050b5635f","Minnesota Timberwolves","San Antonio Spurs","2023-11-10"
"8d48aeb64a62acb76ee25afe50b14379","LA Clippers","Dallas Mavericks","2023-11-10"
"56a78cd2e22c16d9b0a2712d2293c310","Los Angeles Lakers","Phoenix Suns","2023-11-10"
"dfefe666c2f957cd3ef3ae9ad65347c0","Oklahoma City Thunder","Sacramento Kings","2023-11-10"
"155ba94cb22145dd65a4c9ee8bb0f649","Milwaukee Bucks","Orlando Magic","2023-11-11"
"bbb016cb026167646f9780f716fdc6ec","Toronto Raptors","Boston Celtics","2023-11-11"
"c535e81527a438c5ccac951ce2eaa411","Miami Heat","Atlanta Hawks","2023-11-11"
"009a778de4b2d81184420add7c919fca","Cleveland Cavaliers","Golden State Warriors","2023-11-11"
"520841a374e10effd86ac81986f979ab","Charlotte Hornets","New York Knicks","2023-11-12"
"71b5d2fb7a01c496acc4783f47ef96f9","Washington Wizards","Brooklyn Nets","2023-11-12"
"731291c613eecac1f1b2220a4a4c1ce5","Memphis Grizzlies","LA Clippers","2023-11-12"
"df649bb0fe5e2ce676c9da62593041bf","Indiana Pacers","Philadelphia 76ers","2023-11-12"
"4fee8477b42e908bd1c14d24b006983f","Detroit Pistons","Chicago Bulls","2023-11-12"
"3856877bd5068951b64aea51ced729ef","Denver Nuggets","Houston Rockets","2023-11-12"
"1c97ab424516260fb75e1cc11e4690be","Dallas Mavericks","New Orleans Pelicans","2023-11-12"
"3d49b626c4989dddc0cc0beb4765f7f0","Miami Heat","San Antonio Spurs","2023-11-12"
"80377e2eca5e2820a44b5b02c1c17e8e","Oklahoma City Thunder","Phoenix Suns","2023-11-12"
"e803d7b0426164efc50dd8298cf1cd8e","Minnesota Timberwolves","Golden State Warriors","2023-11-12"
"7c6c4dbec15d7d2bf2f2d50a4b2b6a03","Portland Trail Blazers","Los Angeles Lakers","2023-11-12"
"4b8122036d7a43393e8aec4d881958e6","New York Knicks","Boston Celtics","2023-11-13"
"d4290efa8f1f9d381726a0102b97ccca","Washington Wizards","Toronto Raptors","2023-11-13"
"20fcedb4dd290caf2f4604977dd07ca2","Chicago Bulls","Milwaukee Bucks","2023-11-13"
"e5c712d4d6d7c60f6a0714f3558696bd","Cleveland Cavaliers","Sacramento Kings","2023-11-13"
"cff113feb71a682a6af7fc63a8ec7260","Miami Heat","Charlotte Hornets","2023-11-14"
"f7800e694d6ceea52db36f30a7d86b31","Atlanta Hawks","Detroit Pistons","2023-11-14"
"1a53d5554307d587b57eb4b30cd06e11","Indiana Pacers","Philadelphia 76ers","2023-11-14"
"cab42e2a0a620c893ecedc71bbfcf1f7","Orlando Magic","Brooklyn Nets","2023-11-14"
"1acac291f340c497d1448272b1cef003","San Antonio Spurs","Oklahoma City Thunder","2023-11-14"
"7a6d4840a0f37825b16b6799b523e322","Dallas Mavericks","New Orleans Pelicans","2023-11-14"
"a4d381df8daf44002a8e333f147d86e8","Portland Trail Blazers","Utah Jazz","2023-11-14"
"3a5e1ef0268a0a21b96f67471b198202","LA Clippers","Denver Nuggets","2023-11-14"
"a3508f758a37ab4b55fc4be99bdd47f8","Minnesota Timberwolves","Golden State Warriors","2023-11-14"
"edf20f8f66f61ab47fb00a6b8c533745","Memphis Grizzlies","Los Angeles Lakers","2023-11-14"
"33beed179be7b075e04593a275e86b05","Dallas Mavericks","Washington Wizards","2023-11-15"
"965edd86a62c7ee3d1b895210dc8f052","New York Knicks","Atlanta Hawks","2023-11-15"
"0e492f23fe143a191248260bdd127f08","Boston Celtics","Philadelphia 76ers","2023-11-15"
"516f79d9b32d6565eceb5d48cc9704e2","Milwaukee Bucks","Toronto Raptors","2023-11-15"
"97bfe2812c7fb95bd57d6d4283a1b46c","Orlando Magic","Chicago Bulls","2023-11-15"
"5ea72160d2061c9541533273794be107","Minnesota Timberwolves","Phoenix Suns","2023-11-15"
"31b7247f5f90eaeaf6b8f5deb62933ec","Sacramento Kings","Los Angeles Lakers","2023-11-15"
"6aad96d7506ea4531a5ad3636b6e2232","Cleveland Cavaliers","Portland Trail Blazers","2023-11-15"
"b4c1239d3114937929b8aa44f79cac32","Brooklyn Nets","Miami Heat","2023-11-16"
"0bcd8cee9282bdd931e6f6185e90441f","Oklahoma City Thunder","Golden State Warriors","2023-11-16"
"09e447b495e2c72b898d610799451ee9","Milwaukee Bucks","Charlotte Hornets","2023-11-17"
"cc0f6d48bf0dfcd28f45dd69ff9b4b22","New York Knicks","Washington Wizards","2023-11-17"
"458b3556cc9f703d6b1ec69c2bc18628","Philadelphia 76ers","Atlanta Hawks","2023-11-17"
"4136730ceb1dd9ac6755505525002493","Detroit Pistons","Cleveland Cavaliers","2023-11-17"
"9f3a61f5908bbf9b45332056c3534d3d","Boston Celtics","Toronto Raptors","2023-11-17"
"ca75c4e0d67c2869366e1cd3ad6d68c3","Sacramento Kings","San Antonio Spurs","2023-11-17"
"1cc909a8b61b525587ba1c48c60bbf5c","Orlando Magic","Chicago Bulls","2023-11-17"
"5c6e12a72ec7523d645c52dcac935be4","Denver Nuggets","New Orleans Pelicans","2023-11-17"
"99036e204c6a1e71802e54c497093bb0","Phoenix Suns","Utah Jazz","2023-11-17"
"14c0c755d1e7569e2a79bd9d662ae64b","Los Angeles Lakers","Portland Trail Blazers","2023-11-17"
"68c1f41c21ede26d742e8d1d3f5d7e89","Houston Rockets","LA Clippers","2023-11-17"
"21a0e53e6ba56b24397a41ddfd038568","New York Knicks","Charlotte Hornets","2023-11-18"
"f9e2dde2289207a5d5d50c18252608b3","Minnesota Timberwolves","New Orleans Pelicans","2023-11-18"
"7a74c033d7967eb32892f0a7634c5e7f","Miami Heat","Chicago Bulls","2023-11-18"
"cf41474648008c37e1861b6ae9f2e70a","Dallas Mavericks","Milwaukee Bucks","2023-11-18"
"59f288da3aba9be55f26e86ce22e3232","Memphis Grizzlies","San Antonio Spurs","2023-11-18"
"4254de4fa31b743575a85280e0f52ce2","Oklahoma City Thunder","Golden State Warriors","2023-11-18"
"f4209e4fdc5887d9f9e92099be1c4028","Philadelphia 76ers","Brooklyn Nets","2023-11-19"
"968ae66aa313e19cd8358ae1c1cbce6a","Detroit Pistons","Toronto Raptors","2023-11-19"
"5a2c0b2b27e9643285616fe2672c21dc","Orlando Magic","Indiana Pacers","2023-11-19"
"f3a00e3498adee455e993ecfdaf5a175","Denver Nuggets","Cleveland Cavaliers","2023-11-19"
"06566b81f8a9afb95de01ccc0d538f66","Sacramento Kings","Dallas Mavericks","2023-11-19"
"283d81de1e1fe9e92bfb0b5d36a7b634","Boston Celtics","Memphis Grizzlies","2023-11-19"
"73aa9acfb25822c5dc1240c87e02a416","Phoenix Suns","Utah Jazz","2023-11-19"
"06ed2d175e89740c47ef19d9b6fdd673","Oklahoma City Thunder","Portland Trail Blazers","2023-11-19"
"5929afc75b30a639bb8716be2ee74d8e","Houston Rockets","Los Angeles Lakers","2023-11-19"
"d7542b1e071f8e6eaf5b8471ff355514","Boston Celtics","Charlotte Hornets","2023-11-20"
"32b76832c309e3eeaae30ad64fa2a125","Denver Nuggets","Detroit Pistons","2023-11-20"
"d1f4cb522acf8860b9acd92266187cfa","Milwaukee Bucks","Washington Wizards","2023-11-20"
"7cd563db5190281d7d17b0c56ef1238c","Miami Heat","Chicago Bulls","2023-11-20"
"ab4fe6c0d53fc77a4be24b175c37ce8c","New York Knicks","Minnesota Timberwolves","2023-11-20"
"804a769e0e1c232d4f6a050b24d00674","Sacramento Kings","New Orleans Pelicans","2023-11-20"
"56a86c4788e5b737136b7ceb370fec72","LA Clippers","San Antonio Spurs","2023-11-20"
"0efccf322cfdd2daa3c9c7132655121d","Houston Rockets","Golden State Warriors","2023-11-20"
"59cf6e60d1452ccc46a0ace106125246","Toronto Raptors","Orlando Magic","2023-11-21"
"8316847af2560b8490fe52e45e2e8de0","Indiana Pacers","Atlanta Hawks","2023-11-21"
"5bba9aa910fdc621415dc6e644b2b856","Cleveland Cavaliers","Philadelphia 76ers","2023-11-21"
"16e7b17ba31bc4882457916bdc2c1450","Portland Trail Blazers","Phoenix Suns","2023-11-21"
"6a4735f98de26d11084904554fcdafd4","Utah Jazz","Los Angeles Lakers","2023-11-21"
"bd8e4318069e59702b62e2b386b7c4eb","Washington Wizards","Charlotte Hornets","2023-11-22"
"79f748616e8b1417fb0aef13e38e1926","Denver Nuggets","Orlando Magic","2023-11-22"
"dae1ff77cfcc75e7f0f63acc419c5a2e","Brooklyn Nets","Atlanta Hawks","2023-11-22"
"d89cd0406b7dfc9e54a4f123a3a7d385","Milwaukee Bucks","Boston Celtics","2023-11-22"
"bab6868bd0e7181bc424bdc344a269fa","Miami Heat","Cleveland Cavaliers","2023-11-22"
"f9cf81d1aa20865d70aea79c87c8afbb","Toronto Raptors","Indiana Pacers","2023-11-22"
"ad140d293dae2cc36a903a6a111bdc1f","Memphis Grizzlies","Houston Rockets","2023-11-22"
"438ca111adb158e0b4dfc8dc2a867d20","Philadelphia 76ers","Minnesota Timberwolves","2023-11-22"
"684c45cb318472a063cbd648b211b57c","Sacramento Kings","New Orleans Pelicans","2023-11-22"
"a4bd0940879c89f48383b6610e250c63","Chicago Bulls","Oklahoma City Thunder","2023-11-22"
"137a5e118d31da8ef1f257761c474381","LA Clippers","San Antonio Spurs","2023-11-22"
"13773e2d0e8486673d2ee635767caf0d","Golden State Warriors","Phoenix Suns","2023-11-22"
"804568a12cc001c7d5a805311f823ccc","Utah Jazz","Portland Trail Blazers","2023-11-22"
"8cdaef39a6d50944adfa4d7d68dbd1c1","Dallas Mavericks","Los Angeles Lakers","2023-11-22"
"28642e41e758968c8581ffc7985c0e9b","Boston Celtics","Orlando Magic","2023-11-24"
"61d9b427f4cb899b11dc029ea9ac90ea","Phoenix Suns","Memphis Grizzlies","2023-11-24"
"7abd60c2aebc19856519252da4886520","Miami Heat","New York Knicks","2023-11-24"
"37bf8cfb63f72d3003ee37f51c8b0364","Chicago Bulls","Toronto Raptors","2023-11-24"
"525a477e61e1f05e2799a86eb9121788","Detroit Pistons","Indiana Pacers","2023-11-24"
"2e741387a5142c5053ebba6b57c75dd7","Denver Nuggets","Houston Rockets","2023-11-24"
"7040d920aa6865ba83d21bcf171d225f","Washington Wizards","Milwaukee Bucks","2023-11-24"
"429129feeebad4a4463b7c1364433054","Sacramento Kings","Minnesota Timberwolves","2023-11-24"
"ec8f815c9337071da30df92591d5380c","San Antonio Spurs","Golden State Warriors","2023-11-24"
"b6d2e0f9f83139a123cc9a5605e20d24","New Orleans Pelicans","LA Clippers","2023-11-24"
"82a3104257e1d8c3274f69b3cc99e510","Philadelphia 76ers","Oklahoma City Thunder","2023-11-25"
"126bfb3db72e13cd27495fd0e4effe76","Miami Heat","Brooklyn Nets","2023-11-25"
"7db4aed91373920e86d3fdcc19d5ecfe","Atlanta Hawks","Washington Wizards","2023-11-25"
"fd6347c35534674c4c70a8c51be6796d","Los Angeles Lakers","Cleveland Cavaliers","2023-11-25"
"160e0c3fbcf99696fece1799bb442cbc","New Orleans Pelicans","Utah Jazz","2023-11-25"
"fe203a161c58ea4a7655f5f569e2ba75","Dallas Mavericks","LA Clippers","2023-11-25"
"82329ee276c89e6916dd905a181e4648","Portland Trail Blazers","Milwaukee Bucks","2023-11-26"
"07b37a253805787c50c700c116f28bee","Atlanta Hawks","Boston Celtics","2023-11-26"
"fe71538c471b75908cca4a780b876140","Phoenix Suns","New York Knicks","2023-11-26"
"2a67246308b8b97ce1a8c524c44cd223","Charlotte Hornets","Orlando Magic","2023-11-26"
"5431b2939a004ef6bbfc92a03ef53ae4","Minnesota Timberwolves","Memphis Grizzlies","2023-11-26"
"5b18c0b0b0d1669b7c4aee9aa5a2edba","Chicago Bulls","Brooklyn Nets","2023-11-26"
"206c495ba01c51a6bea7a778aa6287c8","Toronto Raptors","Cleveland Cavaliers","2023-11-26"
"37bf84b93c8cfd7f3866940887980ff1","San Antonio Spurs","Denver Nuggets","2023-11-26"
"37180af8d87aafaf48c872e2f972feea","Washington Wizards","Detroit Pistons","2023-11-27"
"a79ba072ea163e101129c410e5bb3b7e","Portland Trail Blazers","Indiana Pacers","2023-11-27"
"59b4ec4109b7d0ce31f68cbc8dfe4359","Los Angeles Lakers","Philadelphia 76ers","2023-11-27"
"5f533292ed042ae129852f545d8046b5","New Orleans Pelicans","Utah Jazz","2023-11-27"
"beb0ba03d52c53c28b196fbcfb93b355","Denver Nuggets","LA Clippers","2023-11-27"
"c3b8f5ba423775fccaab645b1f0d0a1a","Chicago Bulls","Boston Celtics","2023-11-28"
"7560c4a7a4f4f6a27f3bccc857f18f47","Toronto Raptors","Brooklyn Nets","2023-11-28"
"b4982d0f15a3e56fd5e443adc5504704","Atlanta Hawks","Cleveland Cavaliers","2023-11-28"
"d930e4be30a15bf0248c93f3e1ccd9c6","Milwaukee Bucks","Miami Heat","2023-11-28"
"44389bc744e9faab4cac2017c771ad91","Charlotte Hornets","New York Knicks","2023-11-28"
"9e84daa7eb41ca4863b5f0beb18929a6","Oklahoma City Thunder","Minnesota Timberwolves","2023-11-28"
"ecd5bcffdc2e235402b32ebc19d2721e","Houston Rockets","Dallas Mavericks","2023-11-28"
"8ae3da790922a6c04fdf93b042d97c0f","Golden State Warriors","Sacramento Kings","2023-11-28"
"63e8ba467521705981f97c629d2093dc","Los Angeles Lakers","Detroit Pistons","2023-11-29"
"a38240462c8080a30c52808fb70e0f68","Washington Wizards","Orlando Magic","2023-11-29"
"1839dfc79679de0b4a8a6d2e6af6fd2f","Phoenix Suns","Toronto Raptors","2023-11-29"
"1035d1c002bc2bcdc82f8b6b7c91c157","Utah Jazz","Memphis Grizzlies","2023-11-29"
"687826c34b7b3953cec517443b737712","Philadelphia 76ers","New Orleans Pelicans","2023-11-29"
"b895328c768c09b9ae30c88f565ff514","Houston Rockets","Denver Nuggets","2023-11-29"
"1d3ba6ea091c761bca30bee6441878db","LA Clippers","Sacramento Kings","2023-11-29"
"a372b3d64a0ee516da9b64d700073545","Portland Trail Blazers","Cleveland Cavaliers","2023-11-30"
"4791d4906b7ecc84ece75f3d703ae171","Charlotte Hornets","Brooklyn Nets","2023-11-30"
"434a0f3072182051ac752699eea90f8a","Indiana Pacers","Miami Heat","2023-11-30"
"814dc0df61bcb579ba39d0ea8e72077d","Detroit Pistons","New York Knicks","2023-11-30"
"eba9bdfcc17229e38f853e1bb067505c","Milwaukee Bucks","Chicago Bulls","2023-11-30"
"55b8b688692a0c129e123cb13bd5d1ed","Utah Jazz","Minnesota Timberwolves","2023-11-30"
"f07f515626f11cdc6589dd2f8281f016","Los Angeles Lakers","Oklahoma City Thunder","2023-11-30"
"586d3316803e1c91d6feff8161b46506","Atlanta Hawks","San Antonio Spurs","2023-11-30"
"4aeee20954607aea810abd4e8aceda1f","LA Clippers","Golden State Warriors","2023-11-30"
"44bee37cc95cf9b249271ba80ac340b3","Washington Wizards","Orlando Magic","2023-12-01"
"c56e877880939c4374cb63884b6c1788","Philadelphia 76ers","Boston Celtics","2023-12-01"
"c282a28181cf3b73949901b352f72259","New York Knicks","Toronto Raptors","2023-12-01"
"d66e49909a8551effa003c6b86457403","Memphis Grizzlies","Dallas Mavericks","2023-12-01"
"01417fbffa96b7972621d8bb78d8d458","San Antonio Spurs","New Orleans Pelicans","2023-12-01"
"b32e75548aa76f2fb3e9f1381146bc91","Denver Nuggets","Phoenix Suns","2023-12-01"
"9778b105b936c16e922eb0f407537494","Golden State Warriors","LA Clippers","2023-12-02"
"4c18fd6f43e2921f0a6f9822f55940c8","Minnesota Timberwolves","Charlotte Hornets","2023-12-02"
"b0bab1dd7a9ce6d07c17928e1b47c1d4","Orlando Magic","Brooklyn Nets","2023-12-02"
"eada071ee5ba4f59b3b609534496155c","Cleveland Cavaliers","Detroit Pistons","2023-12-02"
"6d0a1639de661a5096534d83a79209ab","Indiana Pacers","Miami Heat","2023-12-02"
"bee8d0634b1de6b48ca3b9b6567b4935","New Orleans Pelicans","Chicago Bulls","2023-12-02"
"445268f3a0d7fe0e83a679dfcbd0d734","Atlanta Hawks","Milwaukee Bucks","2023-12-02"
"e1f6758144baced50878accc8df75dc0","Oklahoma City Thunder","Dallas Mavericks","2023-12-02"
"c2768a41096a8c312f3f11190a8ec9f7","Memphis Grizzlies","Phoenix Suns","2023-12-02"
"4a1a4d33053c36ecaa8344a048d2673f","Portland Trail Blazers","Utah Jazz","2023-12-02"
"724105f738e47912e263b243756ad54f","Denver Nuggets","Sacramento Kings","2023-12-02"
"3d80471d3cc84e6f1bc7adc424044c4a","Houston Rockets","Los Angeles Lakers","2023-12-02"
"09a1ce6b66f4ffc1108d438154ca6ea1","Boston Celtics","Indiana Pacers","2023-12-04"
"700d9bd95cba9bd171d20c96bda235bf","New Orleans Pelicans","Sacramento Kings","2023-12-04"
"24f2f9eab2d686244690e650d1c1ae33","New York Knicks","Milwaukee Bucks","2023-12-05"
"109a8d9cf8de37e256d98b1aa522ae92","Phoenix Suns","Los Angeles Lakers","2023-12-05"
"3a1d9bcf2da447e532d13be14f02a7ed","Orlando Magic","Cleveland Cavaliers","2023-12-06"
"1f21e12eb11babf4d9ffa59e386ab17e","Memphis Grizzlies","Detroit Pistons","2023-12-06"
"f9b48ba5d8564d2f909c89eb41da1d8a","Philadelphia 76ers","Washington Wizards","2023-12-06"
"5502604821ff081cc352c44d0804abe8","Miami Heat","Toronto Raptors","2023-12-06"
"96e81d7c8d0e97af33df11c13d156f76","Brooklyn Nets","Atlanta Hawks","2023-12-06"
"a0b69a33c8d8368b5ceb7c89347f37ca","San Antonio Spurs","Minnesota Timberwolves","2023-12-06"
"31e0d759ac7ded9cc68e218e8ca3f56c","Charlotte Hornets","Chicago Bulls","2023-12-06"
"94f75fcd55d704ef568ecc8349669665","Oklahoma City Thunder","Houston Rockets","2023-12-06"
"a8617ccec390e76f2525bcf1437cfc4c","Utah Jazz","Dallas Mavericks","2023-12-06"
"06c805e8bc716fe121015303daf98b6a","Portland Trail Blazers","Golden State Warriors","2023-12-06"
"8bcf55d31c33d13ae37c023edf4cb17d","Denver Nuggets","LA Clippers","2023-12-06"
"0bd6d826c6314fd9dd25b4604633674a","Indiana Pacers","Milwaukee Bucks","2023-12-07"
"dce4037fcda004ccf8d650f65f0dab48","New Orleans Pelicans","Los Angeles Lakers","2023-12-07"
"12970a63a7a6b02b1d3ee76416f9f7b9","Detroit Pistons","Orlando Magic","2023-12-08"
"a2d7a90e9d0699988415830624b240a1","Atlanta Hawks","Philadelphia 76ers","2023-12-08"
"5aa8e98afe41634ecf078b4c61c6b7e6","Toronto Raptors","Charlotte Hornets","2023-12-08"
"cd674295de225ce24a1a8479540a5476","New York Knicks","Boston Celtics","2023-12-08"
"8635f035232f2eca7c8f2279f4e42b5f","Washington Wizards","Brooklyn Nets","2023-12-08"
"c663d44048cfbaba06ee84e59360222e","Cleveland Cavaliers","Miami Heat","2023-12-08"
"12b280e512297a52448e3c89dde030be","Minnesota Timberwolves","Memphis Grizzlies","2023-12-08"
"40014278e75da4494bac97279fdba641","Golden State Warriors","Oklahoma City Thunder","2023-12-08"
"29d2e24ebf8cd5ba9eb39d566078ace2","Chicago Bulls","San Antonio Spurs","2023-12-08"
"4417916ef38206b0b58e7174f7e5f3bd","Sacramento Kings","Phoenix Suns","2023-12-08"
"54d6e7bf1b010c91526cb7819cb0a682","Houston Rockets","Denver Nuggets","2023-12-08"
"6c8addc19ba8344330e794da6d10ef04","LA Clippers","Utah Jazz","2023-12-08"
"3e2d09d22b864e344ffd4e038e10b59b","Dallas Mavericks","Portland Trail Blazers","2023-12-08"
"3a9d9097346a3a1184b8583b50d6c78f","Indiana Pacers","Los Angeles Lakers","2023-12-09"
"7581691636e578409a4041ee006f3b0a","Miami Heat","Charlotte Hornets","2023-12-11"
"047ddf292282a8d762d6ed82d386dc36","Indiana Pacers","Detroit Pistons","2023-12-11"
"2f36e11bb8a3bc80f597bdd8f8e4cc29","Cleveland Cavaliers","Orlando Magic","2023-12-11"
"d4e2cf0a5f03b6662a959cfcf5beedf2","Washington Wizards","Philadelphia 76ers","2023-12-11"
"a42f6b59210ba4e6d52411bcaa722372","Denver Nuggets","Atlanta Hawks","2023-12-11"
"781356dea6adfd64b9eaf0b9c210172f","Toronto Raptors","New York Knicks","2023-12-11"
"16f42316eac8afa894e051f0824685a5","San Antonio Spurs","Houston Rockets","2023-12-11"
"63c887da39c412f416be4ea38f2f73bf","Dallas Mavericks","Memphis Grizzlies","2023-12-11"
"3458839cc0ea607c72c9b1b41923efbf","Chicago Bulls","Milwaukee Bucks","2023-12-11"
"9ab65bebbc443a2d0f034d740dec1b8b","Minnesota Timberwolves","New Orleans Pelicans","2023-12-11"
"d4ca121af32b1decb1c8868919bdf0b9","Utah Jazz","Oklahoma City Thunder","2023-12-11"
"bc0ac07bd02f9cc2b849b8cfc99c94b0","Brooklyn Nets","Sacramento Kings","2023-12-11"
"44698c03b9768fe28c5c86a0b8a82f9b","Portland Trail Blazers","LA Clippers","2023-12-11"
"cfc62a035c6c8b1bf219ad7f0d73fe4c","Cleveland Cavaliers","Boston Celtics","2023-12-12"
"8ca539cc5b2daed6c4b9c87ec9c0e8b0","Los Angeles Lakers","Dallas Mavericks","2023-12-12"
"98356ff2f8d998977bd7c0ac307be551","Denver Nuggets","Chicago Bulls","2023-12-12"
"5a5054ab677036fa69a25fb35be9f16d","Golden State Warriors","Phoenix Suns","2023-12-12"
"8a47caf23a7f865f44b8dd30f5fb2e66","Sacramento Kings","LA Clippers","2023-12-12"
"a7b0ab97c4489a6f69ed9f505c41cfe8","Philadelphia 76ers","Detroit Pistons","2023-12-13"
"c00a15872cf919d6129c72d900cf6963","New Orleans Pelicans","Washington Wizards","2023-12-13"
"6bb507d74d0ff4bcb6630aa5ec54f214","Charlotte Hornets","Miami Heat","2023-12-13"
"4d01f164e9f90e7845437c5df53ea763","Atlanta Hawks","Toronto Raptors","2023-12-13"
"4a98bfcce15c9301769c5b7da13ffd72","Memphis Grizzlies","Houston Rockets","2023-12-13"
"c5f2e4848b209292ecd4e8b00473c553","Indiana Pacers","Milwaukee Bucks","2023-12-13"
"f6e41f1e961bc137c6612975da1875d4","Los Angeles Lakers","San Antonio Spurs","2023-12-13"
"b9172f7d54bbc7def86bb61852ef11e9","Brooklyn Nets","Phoenix Suns","2023-12-13"
"fe4701673d87314ed2e9bb85fc3f4d7e","New York Knicks","Utah Jazz","2023-12-13"
"05c48b52a3c99441e9a8fbad58eb20c1","Cleveland Cavaliers","Boston Celtics","2023-12-14"
"07dbd6fddef1a1e33a07e8dc61419a97","Chicago Bulls","Miami Heat","2023-12-14"
"578b1d74e24fd4989b6932a076251880","Minnesota Timberwolves","Dallas Mavericks","2023-12-14"
"e21b95dd64811537ecfb4e8a010af00c","Brooklyn Nets","Denver Nuggets","2023-12-14"
"4b838c528f070359ebf6cdf51a77fafd","Utah Jazz","Portland Trail Blazers","2023-12-14"
"eb6586d817e0cdb6c503ebf170787af1","Oklahoma City Thunder","Sacramento Kings","2023-12-14"
"95e4a972f0da53b767736987b897fd12","Golden State Warriors","LA Clippers","2023-12-14"
"3309e52cbe0c14d3964c17c682773d03","New Orleans Pelicans","Charlotte Hornets","2023-12-15"
"671e797cb89ceb409e471427f0df9339","Detroit Pistons","Philadelphia 76ers","2023-12-15"
"26ed5533bb5daaf518d879fde0a06f7f","Indiana Pacers","Washington Wizards","2023-12-15"
"00cfb09f4daa54f7675026e8449d3be5","Orlando Magic","Boston Celtics","2023-12-15"
"c1460ede503bdc2ef480bb488b35c232","Atlanta Hawks","Toronto Raptors","2023-12-15"
"78866723d014c85e371b100d589004f0","Los Angeles Lakers","San Antonio Spurs","2023-12-15"
"83cb19e4f8a971739a2740d338d75b79","Houston Rockets","Memphis Grizzlies","2023-12-15"
"284f4847a81394d38d7e9d9fa955c2f5","New York Knicks","Phoenix Suns","2023-12-15"
"a41ba5b6bb09ce73c129513f6d080e22","Detroit Pistons","Milwaukee Bucks","2023-12-16"
"5bac0fef6bba0943ea5cf7cd602a111b","Philadelphia 76ers","Charlotte Hornets","2023-12-16"
"1171be6d2d6b5207a70431b393a42cff","Atlanta Hawks","Cleveland Cavaliers","2023-12-16"
"7c0ee74b4e0be4e1004ae707a07a0708","Chicago Bulls","Miami Heat","2023-12-16"
"898705e3f0f3c5a155019da77276dd7a","Indiana Pacers","Minnesota Timberwolves","2023-12-16"
"9513ec827638505cef8ef5188ad8978d","Brooklyn Nets","Golden State Warriors","2023-12-16"
"6f172ff631a4847ce3dc988288029a13","Oklahoma City Thunder","Denver Nuggets","2023-12-16"
"463a7b6c727f9f24045b70cb5365f112","Dallas Mavericks","Portland Trail Blazers","2023-12-16"
"cd1855ca9e4f0f7ae041c0d545ef66d7","Utah Jazz","Sacramento Kings","2023-12-16"
"ff2d575869dccc9b1bafe118509d9cb9","New York Knicks","LA Clippers","2023-12-16"
"9aa961eca5393d5c74b94f189dcad134","Orlando Magic","Boston Celtics","2023-12-17"
"74dd88e4d731e373563496208fce855b","New Orleans Pelicans","San Antonio Spurs","2023-12-17"
"dd55462de8609fa2c83800db3f86098d","Houston Rockets","Milwaukee Bucks","2023-12-17"
"6d9c32d648c9f4b01560b0a96fdedcad","Washington Wizards","Phoenix Suns","2023-12-17"
"a0484f1afcf2bc86d096e4b635e42a10","Golden State Warriors","Portland Trail Blazers","2023-12-17"
"1bed3b7ff907b3f95ba98df67a71b540","Houston Rockets","Cleveland Cavaliers","2023-12-18"
"6111f5595082d5678a84cd9bbd6d8f64","LA Clippers","Indiana Pacers","2023-12-18"
"89690af06dfe7ede3ebc55d992c262c8","Chicago Bulls","Philadelphia 76ers","2023-12-18"
"72e682384767e2c3eb34a337d87698ef","Detroit Pistons","Atlanta Hawks","2023-12-18"
"b079a36bd80284bea76a78206f9bea64","Minnesota Timberwolves","Miami Heat","2023-12-18"
"2ae795b05f997fb0cffcd5280cf5d107","Charlotte Hornets","Toronto Raptors","2023-12-18"
"fa8844382130774994cd925e3cdd78bc","Memphis Grizzlies","Oklahoma City Thunder","2023-12-18"
"c326f15b2e5dd6780fca5f775127d817","Dallas Mavericks","Denver Nuggets","2023-12-18"
"8fda69333d20485e581a526a8b25d0c2","Brooklyn Nets","Utah Jazz","2023-12-18"
"0abbb9e20d68c04d852abebb62aafecc","Washington Wizards","Sacramento Kings","2023-12-18"
"725845c53b78b8f460e44c4534500c7d","New York Knicks","Los Angeles Lakers","2023-12-18"
"6ed1535cee76116be89db1b21eb15d9f","Memphis Grizzlies","New Orleans Pelicans","2023-12-19"
"8b948f7b75113cfd8368e4ea5b221aff","San Antonio Spurs","Milwaukee Bucks","2023-12-19"
"facf349e9a9237283ee8776821b7aaaa","Boston Celtics","Golden State Warriors","2023-12-19"
"94a42fb4b3f742d3964a915c8fe31a72","Phoenix Suns","Portland Trail Blazers","2023-12-19"
"fc6ac3f90c68d02e45381e90da1d53c7","Utah Jazz","Cleveland Cavaliers","2023-12-20"
"77864318e97666332526d7d5354c3cef","Charlotte Hornets","Indiana Pacers","2023-12-20"
"cb4889cce394b83d7a78a47cb489df3c","Miami Heat","Orlando Magic","2023-12-20"
"d7bfbae26793b1a2da870992be6355e7","Minnesota Timberwolves","Philadelphia 76ers","2023-12-20"
"98abdcf22905be567e9a69d98f063cfc","New York Knicks","Brooklyn Nets","2023-12-20"
"bd5dcc18d7fae49ee612178a043c53b6","Denver Nuggets","Toronto Raptors","2023-12-20"
"3d8d6fec8cbb6cad926054494f706db2","Los Angeles Lakers","Chicago Bulls","2023-12-20"
"e8b22a2a50b19c0923e52236830fb1ad","Atlanta Hawks","Houston Rockets","2023-12-20"
"d7793901f2115087b53d9db467ac7c4b","LA Clippers","Dallas Mavericks","2023-12-20"
"8e607bda160178f072067fef6f3ab7fb","Boston Celtics","Sacramento Kings","2023-12-20"
"1203973cd1621f228fed8b070ca4b975","Utah Jazz","Detroit Pistons","2023-12-21"
"5164411fc5e69b38787a8026fb21697f","New Orleans Pelicans","Cleveland Cavaliers","2023-12-21"
"7d70d23ce78d800daf0cdc20661f361e","San Antonio Spurs","Chicago Bulls","2023-12-21"
"816f80395ef0c6aa8f038d7a74f31042","Indiana Pacers","Memphis Grizzlies","2023-12-21"
"c8c5f02262eb02f02621da7ad7975141","Orlando Magic","Milwaukee Bucks","2023-12-21"
"ecc8560a791b1388450e56088752d689","LA Clippers","Oklahoma City Thunder","2023-12-21"
"ab0214bfaebb25d730b8ce3b75db6075","Los Angeles Lakers","Minnesota Timberwolves","2023-12-21"
"f625baf5ce85dfef93df0d11476f18bc","Washington Wizards","Portland Trail Blazers","2023-12-21"
"6c414d04996f4c232d617587c668eff2","Toronto Raptors","Philadelphia 76ers","2023-12-22"
"dca29daace7fd1e80449a2c96247e247","Denver Nuggets","Brooklyn Nets","2023-12-22"
"41e8f99b4bed2f22bccdb91daae56060","Atlanta Hawks","Miami Heat","2023-12-22"
"44cb1c81973141a621c1d8ddf07f7207","Dallas Mavericks","Houston Rockets","2023-12-22"
"b28f0fa4494ae6209c9aef92c80cfac5","Washington Wizards","Golden State Warriors","2023-12-22"
"9de54d155eb12ecfda811f77860de28b","Phoenix Suns","Sacramento Kings","2023-12-22"
"b5faff8e64bcda3a7e5c5a43ef18277f","Milwaukee Bucks","New York Knicks","2023-12-23"
"33d80e435c66a202c03561d049085e37","Boston Celtics","LA Clippers","2023-12-23"
"93f0b4234e151e2c69883abf5351aff3","Denver Nuggets","Charlotte Hornets","2023-12-23"
"d48a7f9b9beb57333b57daaeaf9fcfb6","Orlando Magic","Indiana Pacers","2023-12-23"
"8efbf645126d79662ca4b14a42da5a87","Houston Rockets","New Orleans Pelicans","2023-12-23"
"19b5670b230bc5b823119b8e0c87018d","Memphis Grizzlies","Atlanta Hawks","2023-12-23"
"dd004b9399d78234999b189f836a26b7","Detroit Pistons","Brooklyn Nets","2023-12-23"
"25e76526eb3b7053f9981d3b7625a56f","Utah Jazz","Toronto Raptors","2023-12-23"
"2fb3537fe6abb58606d8b7a20bfd6577","Cleveland Cavaliers","Chicago Bulls","2023-12-23"
"e8d97e6ad1d9e3032d9ffec9f5d4160d","Los Angeles Lakers","Oklahoma City Thunder","2023-12-23"
"3cdcd60b59b39e61a2d2383f26001db8","San Antonio Spurs","Dallas Mavericks","2023-12-23"
"fdfd16e4f14beb6f6c0cc09ef6f4baa9","Portland Trail Blazers","Golden State Warriors","2023-12-23"
"bb1213dea3eab4e8e6a9b849b9a81098","Minnesota Timberwolves","Sacramento Kings","2023-12-23"
"efddc9a8b84308c485b4104597636b86","Milwaukee Bucks","New York Knicks","2023-12-25"
"53f4a7e9386a82f67672aa598ac27959","Golden State Warriors","Denver Nuggets","2023-12-25"
"f231c83ad97916140db610c0501c324d","Boston Celtics","Los Angeles Lakers","2023-12-25"
"34f0ddb6eaa4775a7dadad0ad049ebfc","Philadelphia 76ers","Miami Heat","2023-12-25"
"c6f7c94f3e967517675840bd4c60a28f","Dallas Mavericks","Phoenix Suns","2023-12-25"
"4133d0a66aa4063e2a5e968204528c87","Brooklyn Nets","Detroit Pistons","2023-12-26"
"0e8b531f7f59686afbeef2e4943fb34f","Orlando Magic","Washington Wizards","2023-12-26"
"80c7743ee79ce2ebfff576763973f59f","Atlanta Hawks","Chicago Bulls","2023-12-26"
"8e1dd331ca583bb095f860c03ad6eeb3","Indiana Pacers","Houston Rockets","2023-12-26"
"5284e243d382bbb2a58ea1c14eb3ea19","Memphis Grizzlies","New Orleans Pelicans","2023-12-26"
"03965781699763eb1e964fda23c10f74","Minnesota Timberwolves","Oklahoma City Thunder","2023-12-26"
"ce4adcc6bdf60eabe3d1a83935e9a6b5","Utah Jazz","San Antonio Spurs","2023-12-26"
"c855f22224f97b696c3d2ee533b7b0da","Sacramento Kings","Portland Trail Blazers","2023-12-26"
"b83af0ba894f3336a1425a01fb44809f","Charlotte Hornets","LA Clippers","2023-12-26"
"1ef1d3a00258f57551ada0c3f913a6a1","Philadelphia 76ers","Orlando Magic","2023-12-27"
"b6875c9ea744d925711da9817d7c4374","Toronto Raptors","Washington Wizards","2023-12-27"
"ff346f0e9c21a13679a075b3802d6970","Milwaukee Bucks","Brooklyn Nets","2023-12-27"
"1f81c7136fb9127e78c1efbe89b35c26","Phoenix Suns","Houston Rockets","2023-12-27"
"6127a3a0e46b22cdd4fe3bdde5e38d60","New York Knicks","Oklahoma City Thunder","2023-12-27"
"edd6ae1c881ab6966129486ddd91a15d","Cleveland Cavaliers","Dallas Mavericks","2023-12-27"
"896c955544ede94bf6b7f5a4fe9d3aa3","Detroit Pistons","Boston Celtics","2023-12-28"
"556f967493a02e59882c10fa54f7f611","Indiana Pacers","Chicago Bulls","2023-12-28"
"32c393099f286ba218d1774925a04581","Dallas Mavericks","Minnesota Timberwolves","2023-12-28"
"4d3617149f11d2bc126c51399ff2be89","Utah Jazz","New Orleans Pelicans","2023-12-28"
"0af1edf9f5c8f518397de0b6600e12fc","Memphis Grizzlies","Denver Nuggets","2023-12-28"
"278f7a6c3d719c5c66edee4cd4e16106","Miami Heat","Golden State Warriors","2023-12-28"
"a3d2158708479304df5c57038c3fef03","San Antonio Spurs","Portland Trail Blazers","2023-12-28"
"f6e574f323dc7ea31371e0c7894913fb","Charlotte Hornets","Los Angeles Lakers","2023-12-28"
"453a2bf6e79f4c7bbeec9010fc77d9d1","New York Knicks","Orlando Magic","2023-12-29"
"7c93e0d60aef1177a455dfeee34268e0","Brooklyn Nets","Washington Wizards","2023-12-29"
"5606866b620d4ae98407f48837a3ca4c","Sacramento Kings","Atlanta Hawks","2023-12-29"
"d2986905d4abbe17be1fcfb200550495","Toronto Raptors","Boston Celtics","2023-12-29"
"ce14107e3925a9ef4ca608633837c75d","Milwaukee Bucks","Cleveland Cavaliers","2023-12-29"
"4824718cf3103ee5df00bf1c68947cbc","Philadelphia 76ers","Houston Rockets","2023-12-29"
"708ff1f5c904277ff76f8175e390b232","Oklahoma City Thunder","Denver Nuggets","2023-12-29"
"14f9a8bfa386073b9781caec61a54ab7","Charlotte Hornets","Phoenix Suns","2023-12-29"
"3567857492b8df2d1df45549abf640d5","San Antonio Spurs","Portland Trail Blazers","2023-12-29"
"302d13925f6fb17b0440eb858bf1a291","Memphis Grizzlies","LA Clippers","2023-12-29"
"a9cb5d081e92ccc18558eab0e5f8efa4","Miami Heat","Utah Jazz","2023-12-30"
"94a9c324ae39ed05feb4b79167f21fd2","Toronto Raptors","Detroit Pistons","2023-12-30"
"fefa188e201129062902bea88993eb4c","New York Knicks","Indiana Pacers","2023-12-30"
"c145e59bf95c6c0b87cc7e5330707c32","Philadelphia 76ers","Chicago Bulls","2023-12-30"
"d38d0f2b72c576acea57f31dfe03ab05","Los Angeles Lakers","Minnesota Timberwolves","2023-12-30"
"95a297563b63f32164ad6ee129e1ad4b","Dallas Mavericks","Golden State Warriors","2023-12-30"
"a488506da995b283493864a3ad3e3e71","Atlanta Hawks","Washington Wizards","2023-12-31"
"3d410833612cda2e0c5ed5356aee0525","Los Angeles Lakers","New Orleans Pelicans","2023-12-31"
"63567630c96f014499013ee493c27f18","Brooklyn Nets","Oklahoma City Thunder","2023-12-31"
"09a955b3e1dae29d19c63de45165d0d2","Boston Celtics","San Antonio Spurs","2023-12-31"
"e44e496486486af7ad4940febb95bbfa","Sacramento Kings","Memphis Grizzlies","2023-12-31"
"aff4e5c911b78e5287d4b615ae98a96c","Orlando Magic","Phoenix Suns","2023-12-31"
"0792037abb4459e5a4cd9140e54361de","Minnesota Timberwolves","New York Knicks","2024-01-01"
"0c6a530790e0ca1b62de6ae199921478","Cleveland Cavaliers","Toronto Raptors","2024-01-01"
"db612b945f34f33b72a98d0253154cff","Detroit Pistons","Houston Rockets","2024-01-01"
"b070da0dfb190b2768db889a4ed3a8ce","Indiana Pacers","Milwaukee Bucks","2024-01-01"
"a62ef281ee27e68999b13c764fb44aea","Charlotte Hornets","Denver Nuggets","2024-01-01"
"0024f93407cce0ffc0fec67135e2aa21","Portland Trail Blazers","Phoenix Suns","2024-01-01"
"cd094395f739d9c884daef017ec13352","Dallas Mavericks","Utah Jazz","2024-01-01"
"b45c384b1a519d6eb3f92e71c8c5fd2e","Miami Heat","LA Clippers","2024-01-01"
"b8850bad48e6b9bcf3ecb4909b6f4677","Chicago Bulls","Philadelphia 76ers","2024-01-02"
"bcc7d599aeba155d9a08bf0edc55acf4","San Antonio Spurs","Memphis Grizzlies","2024-01-02"
"deb95cb2719773e45982d1c3fbd6b03f","Brooklyn Nets","New Orleans Pelicans","2024-01-02"
"b2907694409ef246641d924dca110427","Boston Celtics","Oklahoma City Thunder","2024-01-02"
"d7258f57ffac934620a83777d299d403","Orlando Magic","Golden State Warriors","2024-01-02"
"26bd850f06daa9805e892aa0f49208e3","Charlotte Hornets","Sacramento Kings","2024-01-02"
"9f3edc11e1d8aeea4b9c2c0c13368af5","Washington Wizards","Cleveland Cavaliers","2024-01-03"
"7b98d9b2b088bac18baacef5b6c214c3","Milwaukee Bucks","Indiana Pacers","2024-01-03"
"086be9ac9d2b6f54aa78889fb7f2212b","Oklahoma City Thunder","Atlanta Hawks","2024-01-03"
"528d1d41e0035a2c740c3f63d925290f","Brooklyn Nets","Houston Rockets","2024-01-03"
"2a6302bf1007c8b398a2cd9ae0b9dae8","Toronto Raptors","Memphis Grizzlies","2024-01-03"
"b3974e621790b9830901cdc5a5dae48e","New Orleans Pelicans","Minnesota Timberwolves","2024-01-03"
"aa38debc14443c6ba28bbbbe20165357","Chicago Bulls","New York Knicks","2024-01-03"
"fffcf788adc600efb5a053b8394a383c","Portland Trail Blazers","Dallas Mavericks","2024-01-03"
"1e84f219384f8f5e0de0a78023d616d1","LA Clippers","Phoenix Suns","2024-01-03"
"9dd430cc744166f7c59c1820d5046da6","Detroit Pistons","Utah Jazz","2024-01-03"
"b38b736dabaa2e710875ff5a79bc232e","Miami Heat","Los Angeles Lakers","2024-01-03"
"38a8ff1f014730604c229bfda738e9ba","Orlando Magic","Sacramento Kings","2024-01-03"
"0c9bd288e7caa0adb84074720f5040ce","Milwaukee Bucks","San Antonio Spurs","2024-01-04"
"980f8575dcf379650e41e395b4258dac","Denver Nuggets","Golden State Warriors","2024-01-04"
"aedde43e243c45b078af131f3079cce5","Utah Jazz","Boston Celtics","2024-01-05"
"9270370f57e92a0754c3b5c763f6301f","Atlanta Hawks","Indiana Pacers","2024-01-05"
"29aef704aa8067838d8e25a19a0dfe81","Oklahoma City Thunder","Brooklyn Nets","2024-01-05"
"208d5dfcacaa4d8e66190cba550ed6d2","Washington Wizards","Cleveland Cavaliers","2024-01-05"
"2ef552c0479496efb16584cdcbe4d3fc","New York Knicks","Philadelphia 76ers","2024-01-05"
"4966566004a2a4f1b3e8f33156f2073a","Charlotte Hornets","Chicago Bulls","2024-01-05"
"c4290f059054805fc8730949a9552396","Minnesota Timberwolves","Houston Rockets","2024-01-05"
"91c1d218291ef30c3ec7f2b7ffd713df","LA Clippers","New Orleans Pelicans","2024-01-05"
"763e2b490f608a38168284289957aa9a","Portland Trail Blazers","Dallas Mavericks","2024-01-05"
"bdddd9dab0e1c5b14ede718de03bd096","Orlando Magic","Denver Nuggets","2024-01-05"
"adb18ffe81a6a97df35c363d339753db","Miami Heat","Phoenix Suns","2024-01-05"
"931aacc3989ced596b0537e945016d36","Detroit Pistons","Golden State Warriors","2024-01-05"
"a9e87882ca287a3578dc8ef226920c3a","Memphis Grizzlies","Los Angeles Lakers","2024-01-05"
"9e791b82d0ad2f71361359848c9d41dc","Toronto Raptors","Sacramento Kings","2024-01-05"
"b690b4429df18061bd3c903c42d17222","Boston Celtics","Indiana Pacers","2024-01-06"
"feb0fe164669553f93cfdb1563180e96","New York Knicks","Washington Wizards","2024-01-06"
"88e4fe15cbdead30f8ce42cd42fb0e41","Utah Jazz","Philadelphia 76ers","2024-01-06"
"bef7442372406e00f5f6ea8a06995a84","Milwaukee Bucks","Houston Rockets","2024-01-06"
"56f0caecd0aa91135d73748e8b785bc2","San Antonio Spurs","Cleveland Cavaliers","2024-01-07"
"76a57d5b3b4e1ce65801dd93bd5aaadd","Portland Trail Blazers","Brooklyn Nets","2024-01-07"
"ad9dec7edcdd64d384d43a3916154521","Atlanta Hawks","Orlando Magic","2024-01-07"
"6d5eab6320a05e7dd2910e3774622fd7","New Orleans Pelicans","Sacramento Kings","2024-01-07"
"9945af0ad45afbebed940afa1b16c53b","Minnesota Timberwolves","Dallas Mavericks","2024-01-07"
"44c3da8dd8bf953807e4df3f2acc17b6","Detroit Pistons","Denver Nuggets","2024-01-07"
"7e47ab32976ee38a9b6b049364c0b4d3","Memphis Grizzlies","Phoenix Suns","2024-01-07"
"19d2fced37bac4735bda14fcfc6c50fb","Toronto Raptors","Golden State Warriors","2024-01-07"
"b6741cbb0dd350580236264eb238e877","LA Clippers","Los Angeles Lakers","2024-01-07"
"b5eff91c2b080c3e47a9c2a1818991cc","Chicago Bulls","Charlotte Hornets","2024-01-08"
"dfaeada4215a62525e56956c51600a5a","Boston Celtics","Indiana Pacers","2024-01-08"
"6ccf5cd81d34934c3a5df7b2d858538f","Oklahoma City Thunder","Washington Wizards","2024-01-08"
"1f3c5de548da21f32e295b2b31fbab90","Houston Rockets","Miami Heat","2024-01-08"
"a5835a0bb2fb029b99f3e418ab407543","Utah Jazz","Milwaukee Bucks","2024-01-08"
"a045253e48d504fa7cd1777a244fa931","Phoenix Suns","LA Clippers","2024-01-08"
"8c73af746f26e9ab1014b13c2b426e24","Sacramento Kings","Detroit Pistons","2024-01-09"
"e21633bb8c8ff5c7ecfb43eaba5e855b","Minnesota Timberwolves","Orlando Magic","2024-01-09"
"bc804dec0915cbb3f097f09afc5ccbd9","Portland Trail Blazers","New York Knicks","2024-01-09"
"118ac48081b42d64305d556287e53011","Memphis Grizzlies","Dallas Mavericks","2024-01-09"
"027dd07563f0e150eb82d08057f866fe","Toronto Raptors","Los Angeles Lakers","2024-01-09"
"9323404284863080d81fd84ff3ee31d9","Minnesota Timberwolves","Boston Celtics","2024-01-10"
"766d51c0d43e2d79ce92446af745375e","Sacramento Kings","Charlotte Hornets","2024-01-10"
"ac1181b997937119e339b249dd1b5658","San Antonio Spurs","Detroit Pistons","2024-01-10"
"5fcb0ae9ba5d4e0595c38cf0de582fba","Washington Wizards","Indiana Pacers","2024-01-10"
"328a49972624432c006dd0024a240f66","Philadelphia 76ers","Atlanta Hawks","2024-01-10"
"c09c0e00efaa719e51362bc2fd506519","Oklahoma City Thunder","Miami Heat","2024-01-10"
"78f027fe104773a69c065c8e5e1e5011","Houston Rockets","Chicago Bulls","2024-01-10"
"4d7c038b65bc566dc7e6e359de2cd38c","New Orleans Pelicans","Golden State Warriors","2024-01-10"
"a41ce1eb5c6cd915ceb75272cccfbe01","Denver Nuggets","Utah Jazz","2024-01-10"
"e2b1caf453d80104f79cb8355f43b293","Toronto Raptors","LA Clippers","2024-01-10"
"8513d69ab88258859f21aad0546a81d9","Brooklyn Nets","Cleveland Cavaliers","2024-01-11"
"5b3bda6ea121f42543412231f72c7575","Boston Celtics","Milwaukee Bucks","2024-01-11"
"e462f35518bce7f1295ae8db2ea58047","Portland Trail Blazers","Oklahoma City Thunder","2024-01-11"
"2e78151073035568d1f969e2280d4fbe","New York Knicks","Dallas Mavericks","2024-01-11"
"b15e6a269a2fb18b47e6489c2dc71b1b","Phoenix Suns","Los Angeles Lakers","2024-01-11"
"7eeb3ff0ca6d6cc331fe6a8175ebdf34","Indiana Pacers","Atlanta Hawks","2024-01-12"
"cce9c9db72f52a90cbb96719ecf734bd","Houston Rockets","Detroit Pistons","2024-01-12"
"faa042a314c53831457770128a075bca","Sacramento Kings","Philadelphia 76ers","2024-01-12"
"09837ba6691678afef6a3c95a91512b2","Orlando Magic","Miami Heat","2024-01-12"
"c6c4ad18687d5089b0b24a16a48f1943","Golden State Warriors","Chicago Bulls","2024-01-12"
"e1649b0e0c8e48456d0f7b210b7c84d6","LA Clippers","Memphis Grizzlies","2024-01-12"
"a0d0357cfc86ef3c4556122bd1857252","Portland Trail Blazers","Minnesota Timberwolves","2024-01-12"
"179cfc001edde2b749d8c7d8b8192311","Charlotte Hornets","San Antonio Spurs","2024-01-12"
"d0a0e029c0fb5ff85c093a9aefeee007","Toronto Raptors","Utah Jazz","2024-01-12"
"e2692982805782b1257502df9a1201d4","New Orleans Pelicans","Denver Nuggets","2024-01-12"
"bb4452564b25f5c65dbd466e2a20d60a","Houston Rockets","Boston Celtics","2024-01-13"
"5e4c8875e0a12e7e9717ab4cb48c4af9","Washington Wizards","Atlanta Hawks","2024-01-13"
"00e335aedaacf97954b0def03952880f","New York Knicks","Memphis Grizzlies","2024-01-13"
"7a970c6c22feb6c927237d7301807e6b","Golden State Warriors","Milwaukee Bucks","2024-01-13"
"4a25982e5d5916ceaa7bcf6d595b26f1","Orlando Magic","Oklahoma City Thunder","2024-01-13"
"910665acc00ece83a545d2263e9411c5","New Orleans Pelicans","Dallas Mavericks","2024-01-13"
"d541d849d3658c527da99c576675d7f7","Chicago Bulls","San Antonio Spurs","2024-01-13"
"7092be4d3812f01c180fc230ebc3dc85","Los Angeles Lakers","Utah Jazz","2024-01-13"
"f94aff0649d7c076205dd01d5fdfb8cf","Indiana Pacers","Denver Nuggets","2024-01-14"
"5e218133b23ee6dce71755f31babfa86","Charlotte Hornets","Miami Heat","2024-01-14"
"0dc2dded5e2c3ace0ded711cb4dc6f09","Sacramento Kings","Milwaukee Bucks","2024-01-14"
"6248fa4fb270c55dccbade2e9f7b8dfd","LA Clippers","Minnesota Timberwolves","2024-01-14"
"6357dee485809b71d61a3b36979bb954","Phoenix Suns","Portland Trail Blazers","2024-01-14"
"7c4514414b47d9e8d9f7c08e1773469e","Houston Rockets","Philadelphia 76ers","2024-01-15"
"7e2ae4f6720460659739a323337687c2","New Orleans Pelicans","Dallas Mavericks","2024-01-15"
"296a58931efd860f03b3370777f83fa1","Orlando Magic","New York Knicks","2024-01-15"
"146e941eecbc69e2c3567c4fb63f5ee4","Detroit Pistons","Washington Wizards","2024-01-15"
"2beb6c0df6eaa62ac7bec4d8d1749dec","San Antonio Spurs","Atlanta Hawks","2024-01-15"
"6eeeeba02ee784503a93b5290126942e","Golden State Warriors","Memphis Grizzlies","2024-01-15"
"054c3a2b4085ee4c6b2ac933cd129d97","Chicago Bulls","Cleveland Cavaliers","2024-01-15"
"caf6118ad44ba401e53d2f6f76fb6ecf","Miami Heat","Brooklyn Nets","2024-01-15"
"eb2731aadd2f9d9ef87bdcc7e7e39a7c","Boston Celtics","Toronto Raptors","2024-01-15"
"0e33e4e59b0707d1d0bd614d7ecabdec","Indiana Pacers","Utah Jazz","2024-01-15"
"a3dfbf9504e7d856c44a47c8b1093349","Oklahoma City Thunder","Los Angeles Lakers","2024-01-15"
"6456a2a040e7d86019f13b4ece577365","Denver Nuggets","Philadelphia 76ers","2024-01-16"
"9605c1b4670a92a0867403d85edd6b8a","Sacramento Kings","Phoenix Suns","2024-01-16"
"ad7c876f546069b1a8bbd545ca52cde6","Oklahoma City Thunder","LA Clippers","2024-01-16"
"d1ffa07fc68dedcd204c6cab95d9fcb8","Minnesota Timberwolves","Detroit Pistons","2024-01-17"
"a7424ae8496436675a3bf6646d05882d","Orlando Magic","Atlanta Hawks","2024-01-17"
"97d9765fbf1ba9b62dd85aa450b727ad","San Antonio Spurs","Boston Celtics","2024-01-17"
"23a832bc02c187e622c691f65ab6cb58","Milwaukee Bucks","Cleveland Cavaliers","2024-01-17"
"4a34a3ccb9397a3372f24b0849fd43f8","Houston Rockets","New York Knicks","2024-01-17"
"7659cfb935cc54dc2357efab065c3035","Miami Heat","Toronto Raptors","2024-01-17"
"32485ea9d5436311e12795a9084b6a66","Charlotte Hornets","New Orleans Pelicans","2024-01-17"
"d65dfb1af76890dc942435fbddef845a","Dallas Mavericks","Los Angeles Lakers","2024-01-17"
"aad1f8f76019657ecb6b957bcb39945c","Brooklyn Nets","Portland Trail Blazers","2024-01-17"
"6faf1ac3dff71b0f2e4eaa74901c5f06","Washington Wizards","New York Knicks","2024-01-18"
"e387df4823ee5662cdf795a3d0305012","Chicago Bulls","Toronto Raptors","2024-01-18"
"f94c0cb575a658f155d0256e3f4163aa","Oklahoma City Thunder","Utah Jazz","2024-01-18"
"8bab59e32efebdb93640e6d60e121ce4","Memphis Grizzlies","Minnesota Timberwolves","2024-01-18"
"7b9df735934be92ef9bf97cbc6287dc2","Indiana Pacers","Sacramento Kings","2024-01-18"
"bcbf6c9083ec9e6045c56687a7597272","San Antonio Spurs","Charlotte Hornets","2024-01-19"
"1fe280721bffd64fd47c300ee45fb88a","Philadelphia 76ers","Orlando Magic","2024-01-19"
"188068ac5e97f279c5a07ba7e9ae3d2d","Denver Nuggets","Boston Celtics","2024-01-19"
"e9a76e53cba33f8f5b1d8691740f6361","Atlanta Hawks","Miami Heat","2024-01-19"
"eb9747d1471d3ee15cbbbce9f92596d7","Phoenix Suns","New Orleans Pelicans","2024-01-19"
"fac09c4744c3161c8509aab5aa7e47d3","Dallas Mavericks","Golden State Warriors","2024-01-19"
"6401266ecccd216a0ab1ba8fbfd1e845","Indiana Pacers","Portland Trail Blazers","2024-01-19"
"ebbdc85331863f0e63f49f6db72ed815","Brooklyn Nets","Los Angeles Lakers","2024-01-19"
"efe089400f422333c9a375a03b3be99b","Milwaukee Bucks","Detroit Pistons","2024-01-20"
"a1b9ed8a3d6843a5b166da26c14a09c2","Philadelphia 76ers","Charlotte Hornets","2024-01-20"
"283d1516eda10fba182b0da699a37e20","San Antonio Spurs","Washington Wizards","2024-01-20"
"12713beef7fe755281506deb8489c3f6","Toronto Raptors","New York Knicks","2024-01-20"
"ad6ca99096279fe9049ddfea86f2d08d","Cleveland Cavaliers","Atlanta Hawks","2024-01-20"
"6d4eb180e64d4d05e7571d49bf8b3ae0","Utah Jazz","Houston Rockets","2024-01-20"
"e333c703b9bb4f6b0984329813877442","Oklahoma City Thunder","Minnesota Timberwolves","2024-01-20"
"582f64bc23c849a507e42582e2924d8d","Memphis Grizzlies","Chicago Bulls","2024-01-20"
"900419d018c3bba44f8457cc65dfea4a","Brooklyn Nets","LA Clippers","2024-01-21"
"7759ddb389b5e18be3cb67af1ea022c7","Miami Heat","Orlando Magic","2024-01-21"
"611279634cb287cb5257d2c91b04b316","Denver Nuggets","Washington Wizards","2024-01-21"
"2198a6a26216e034d141efe88923b9d4","Boston Celtics","Houston Rockets","2024-01-21"
"fd4d460e2692fd55e49ce3811ff3110e","Indiana Pacers","Phoenix Suns","2024-01-21"
"43d2320b0bcc62b1b6b9d8fd51a5087a","Portland Trail Blazers","Los Angeles Lakers","2024-01-21"
"64a3f0deb92becb2e6f05a27b839712b","Cleveland Cavaliers","Orlando Magic","2024-01-22"
"659d26d52dd7ee5d349caf324ef961e4","Milwaukee Bucks","Detroit Pistons","2024-01-22"
"a47d92667a6cc158424887f20ff94607","San Antonio Spurs","Philadelphia 76ers","2024-01-22"
"b874dd0f1b616a0db107e52acdc7b3f8","Memphis Grizzlies","Toronto Raptors","2024-01-22"
"24d4555294f19243fb28bf96d8f2ce0c","Charlotte Hornets","Minnesota Timberwolves","2024-01-22"
"d6048c3905655bd24dd4db15e396412c","Boston Celtics","Dallas Mavericks","2024-01-22"
"9f06b1c14bb55c3c371214069f41f766","Chicago Bulls","Phoenix Suns","2024-01-22"
"2383a49896b5fc78e9bbf7625e508ec2","Atlanta Hawks","Sacramento Kings","2024-01-22"
"9d49457856bbaebf72c77325d4eca9f5","Denver Nuggets","Indiana Pacers","2024-01-23"
"d2c572125e119dadcc64a063387fe9ed","New York Knicks","Brooklyn Nets","2024-01-23"
"9a81cfcace1ec42b8ba2736af9088bed","Portland Trail Blazers","Oklahoma City Thunder","2024-01-23"
"98aad35f0c65b07de55efe5315451508","Utah Jazz","New Orleans Pelicans","2024-01-23"
"892fa4370c0d2ac9bf1686c604487c17","Los Angeles Lakers","LA Clippers","2024-01-23"
"16be3a8a56852fd8a4c85aefbd2ed22f","Charlotte Hornets","Detroit Pistons","2024-01-24"
"c43b59da2a3ef207ec01cc5ec64452eb","Minnesota Timberwolves","Washington Wizards","2024-01-24"
"208ee0af2a60c61ed94ad084042e6bc7","Memphis Grizzlies","Miami Heat","2024-01-24"
"ec19730a0c9077d701fca961aac9c579","Portland Trail Blazers","Houston Rockets","2024-01-24"
"2b79b0ce223da9e527f91c2abd31c229","Cleveland Cavaliers","Milwaukee Bucks","2024-01-24"
"8b26674a9883acbd3437a8b10dfad085","Phoenix Suns","Dallas Mavericks","2024-01-24"
"5c16996d25492d74ad4c1f676205fe39","Oklahoma City Thunder","San Antonio Spurs","2024-01-24"
"27503584705be25ea9da3e310faffb5c","Atlanta Hawks","Golden State Warriors","2024-01-24"
"c45c05cb32470032cb0d4024055043e9","Philadelphia 76ers","Indiana Pacers","2024-01-25"
"9b4045e197ae1fbb1c635928fa6f9318","Utah Jazz","Washington Wizards","2024-01-25"
"5e7fe25916472fc1c04a4ecdf74034bd","Minnesota Timberwolves","Brooklyn Nets","2024-01-25"
"7f6638c43a4c4be4f256a85307594b8c","Boston Celtics","Miami Heat","2024-01-25"
"f4a288bcec73824f4cf54fb0d51ccdb3","Denver Nuggets","New York Knicks","2024-01-25"
"2ba5e1c7f6255a42f0abd85b7584d7ce","Sacramento Kings","Golden State Warriors","2024-01-25"
"f67f91bcc7c5d932fdda5436b11bb256","Chicago Bulls","Los Angeles Lakers","2024-01-25"
"3f46796f90363fe73044e2a9a783bd39","Dallas Mavericks","Atlanta Hawks","2024-01-26"
"b9f8409d6b736501d3a13c02b49d75bd","Houston Rockets","Charlotte Hornets","2024-01-26"
"5fd904081e3fb35e06cf4fc6c9e181dc","Phoenix Suns","Indiana Pacers","2024-01-26"
"ad35abdd9e43190893100761f3749f28","LA Clippers","Toronto Raptors","2024-01-26"
"67241253d140d955dddb832f699e661a","Orlando Magic","Memphis Grizzlies","2024-01-26"
"db306f30ccdf5bfad5bf666b39d83961","Cleveland Cavaliers","Milwaukee Bucks","2024-01-26"
"d24a0acecbfc876ceb8ff9294990a55f","Oklahoma City Thunder","New Orleans Pelicans","2024-01-26"
"91b45a8b36a95c8e27ddb07042eba39d","Portland Trail Blazers","San Antonio Spurs","2024-01-26"
"c7e8a6cd9170e9d85be95112a749fb2a","Washington Wizards","Detroit Pistons","2024-01-27"
"4e2ac57aa8dccca4df433442fff94a51","Miami Heat","New York Knicks","2024-01-27"
"bff67998a43248e7e044739ec8560902","Philadelphia 76ers","Denver Nuggets","2024-01-27"
"69e147e4c35f3819cbe1c29ebcab8e4e","Houston Rockets","Brooklyn Nets","2024-01-27"
"b3fbe17883172401e12cdf60116e63a5","LA Clippers","Boston Celtics","2024-01-27"
"deb380c2b6ac53c075776befc61bb5e7","Utah Jazz","Charlotte Hornets","2024-01-27"
"95a0bf6428662cd60bf3d014024d5597","New Orleans Pelicans","Milwaukee Bucks","2024-01-27"
"bd9102f839e56bb64076fe9799889129","Minnesota Timberwolves","San Antonio Spurs","2024-01-27"
"8e953ba98f5ea91104ff0b9a1e48e2d6","Los Angeles Lakers","Golden State Warriors","2024-01-27"
"0772628ff4508cad72771de712a60dfd","Sacramento Kings","Dallas Mavericks","2024-01-27"
"946b81b1664be33cd90243973f5a9a1c","Oklahoma City Thunder","Detroit Pistons","2024-01-28"
"916dcb706add6762c2f407c994d9e8f0","Memphis Grizzlies","Indiana Pacers","2024-01-28"
"b553876d69360a87b409cf9d3038feda","Toronto Raptors","Atlanta Hawks","2024-01-28"
"b2c0aba5327ec51369b623f645e839d6","Phoenix Suns","Orlando Magic","2024-01-28"
