"timestamp","game_id","line","participant","participant_name","stat_type","game_date"
"2023-12-16T20:15:20.161761","5bac0fef6bba0943ea5cf7cd602a111b",6.5,837,"Tyrese Maxey","player_assists_over_under",2023-12-17
"2023-12-16T20:15:20.161646","5bac0fef6bba0943ea5cf7cd602a111b",5.5,917,"Joel Embiid","player_assists_over_under",2023-12-17
"2023-12-16T20:15:20.161136","5bac0fef6bba0943ea5cf7cd602a111b",4.5,16165,"Gordon Hayward","player_assists_over_under",2023-12-17
"2023-12-16T20:15:20.161831","5bac0fef6bba0943ea5cf7cd602a111b",0.5,17119,"Nick Richards","player_assists_over_under",2023-12-17
"2023-12-16T20:15:20.161414","5bac0fef6bba0943ea5cf7cd602a111b",2.5,18795,"Miles Bridges","player_assists_over_under",2023-12-17
"2023-12-16T18:00:10.302552","5bac0fef6bba0943ea5cf7cd602a111b",16.5,835,"Tobias Harris","player_assists_points_over_under",2023-12-17
"2023-12-16T18:10:09.541190","5bac0fef6bba0943ea5cf7cd602a111b",31.5,837,"Tyrese Maxey","player_assists_points_over_under",2023-12-17
"2023-12-16T20:10:09.045109","5bac0fef6bba0943ea5cf7cd602a111b",40.5,917,"Joel Embiid","player_assists_points_over_under",2023-12-17
"2023-12-16T17:55:11.052244","5bac0fef6bba0943ea5cf7cd602a111b",14.5,940,"De'Anthony Melton","player_assists_points_over_under",2023-12-17
"2023-12-16T22:30:11.484495","5bac0fef6bba0943ea5cf7cd602a111b",33.5,16164,"Terry Rozier","player_assists_points_over_under",2023-12-17
"2023-12-16T18:20:08.478208","5bac0fef6bba0943ea5cf7cd602a111b",20.5,16165,"Gordon Hayward","player_assists_points_over_under",2023-12-17
"2023-12-16T23:20:08.983801","5bac0fef6bba0943ea5cf7cd602a111b",20.5,16492,"Brandon Miller","player_assists_points_over_under",2023-12-17
"2023-12-16T22:05:09.264403","5bac0fef6bba0943ea5cf7cd602a111b",11.5,17119,"Nick Richards","player_assists_points_over_under",2023-12-17
"2023-12-16T22:00:10.409918","5bac0fef6bba0943ea5cf7cd602a111b",12,17223,"Kelly Oubre Jr.","player_assists_points_over_under",2023-12-17
"2023-12-16T23:20:08.983914","5bac0fef6bba0943ea5cf7cd602a111b",25.5,18795,"Miles Bridges","player_assists_points_over_under",2023-12-17
"2023-12-16T20:15:20.161599","5bac0fef6bba0943ea5cf7cd602a111b",23.5,835,"Tobias Harris","player_assists_points_rebounds_over_under",2023-12-17
"2023-12-16T20:15:20.161808","5bac0fef6bba0943ea5cf7cd602a111b",35.5,837,"Tyrese Maxey","player_assists_points_rebounds_over_under",2023-12-17
"2023-12-16T20:15:20.161716","5bac0fef6bba0943ea5cf7cd602a111b",52.5,917,"Joel Embiid","player_assists_points_rebounds_over_under",2023-12-17
"2023-12-16T20:15:20.161553","5bac0fef6bba0943ea5cf7cd602a111b",18.5,940,"De'Anthony Melton","player_assists_points_rebounds_over_under",2023-12-17
"2023-12-16T20:15:20.161369","5bac0fef6bba0943ea5cf7cd602a111b",35.5,16164,"Terry Rozier","player_assists_points_rebounds_over_under",2023-12-17
"2023-12-16T20:15:20.161181","5bac0fef6bba0943ea5cf7cd602a111b",24.5,16165,"Gordon Hayward","player_assists_points_rebounds_over_under",2023-12-17
"2023-12-16T20:15:20.162003","5bac0fef6bba0943ea5cf7cd602a111b",23.5,16492,"Brandon Miller","player_assists_points_rebounds_over_under",2023-12-17
"2023-12-16T20:15:20.161272","5bac0fef6bba0943ea5cf7cd602a111b",10.5,16711,"Nicolas Batum","player_assists_points_rebounds_over_under",2023-12-17
"2023-12-16T20:15:20.161876","5bac0fef6bba0943ea5cf7cd602a111b",19.5,17119,"Nick Richards","player_assists_points_rebounds_over_under",2023-12-17
"2023-12-16T20:15:20.161460","5bac0fef6bba0943ea5cf7cd602a111b",30.5,18795,"Miles Bridges","player_assists_points_rebounds_over_under",2023-12-17
"2023-12-16T18:00:10.302574","5bac0fef6bba0943ea5cf7cd602a111b",8.5,835,"Tobias Harris","player_assists_rebounds_over_under",2023-12-17
"2023-12-16T18:10:09.541213","5bac0fef6bba0943ea5cf7cd602a111b",10,837,"Tyrese Maxey","player_assists_rebounds_over_under",2023-12-17
"2023-12-16T06:35:07.930191","5bac0fef6bba0943ea5cf7cd602a111b",17.5,917,"Joel Embiid","player_assists_rebounds_over_under",2023-12-17
"2023-12-16T23:20:08.983730","5bac0fef6bba0943ea5cf7cd602a111b",11.5,16164,"Terry Rozier","player_assists_rebounds_over_under",2023-12-17
"2023-12-16T17:40:10.456017","5bac0fef6bba0943ea5cf7cd602a111b",8.5,16165,"Gordon Hayward","player_assists_rebounds_over_under",2023-12-17
"2023-12-16T23:20:08.983982","5bac0fef6bba0943ea5cf7cd602a111b",10,18795,"Miles Bridges","player_assists_rebounds_over_under",2023-12-17
"2023-12-16T20:15:20.161670","5bac0fef6bba0943ea5cf7cd602a111b",1.5,917,"Joel Embiid","player_blocks_over_under",2023-12-17
"2023-12-16T20:15:20.161505","5bac0fef6bba0943ea5cf7cd602a111b",0.5,940,"De'Anthony Melton","player_blocks_over_under",2023-12-17
"2023-12-16T20:15:20.161922","5bac0fef6bba0943ea5cf7cd602a111b",0.5,16492,"Brandon Miller","player_blocks_over_under",2023-12-17
"2023-12-16T20:15:20.161577","5bac0fef6bba0943ea5cf7cd602a111b",14.5,835,"Tobias Harris","player_points_over_under",2023-12-17
"2023-12-16T20:15:20.161784","5bac0fef6bba0943ea5cf7cd602a111b",24.5,837,"Tyrese Maxey","player_points_over_under",2023-12-17
"2023-12-16T20:15:20.161693","5bac0fef6bba0943ea5cf7cd602a111b",34.5,917,"Joel Embiid","player_points_over_under",2023-12-17
"2023-12-16T20:15:20.161529","5bac0fef6bba0943ea5cf7cd602a111b",11.5,940,"De'Anthony Melton","player_points_over_under",2023-12-17
"2023-12-16T20:15:20.161346","5bac0fef6bba0943ea5cf7cd602a111b",25.5,16164,"Terry Rozier","player_points_over_under",2023-12-17
"2023-12-16T20:15:20.161159","5bac0fef6bba0943ea5cf7cd602a111b",15.5,16165,"Gordon Hayward","player_points_over_under",2023-12-17
"2023-12-16T20:15:20.161979","5bac0fef6bba0943ea5cf7cd602a111b",16.5,16492,"Brandon Miller","player_points_over_under",2023-12-17
"2023-12-16T20:15:20.161250","5bac0fef6bba0943ea5cf7cd602a111b",5.5,16711,"Nicolas Batum","player_points_over_under",2023-12-17
"2023-12-16T20:15:20.161853","5bac0fef6bba0943ea5cf7cd602a111b",11.5,17119,"Nick Richards","player_points_over_under",2023-12-17
"2023-12-16T20:15:20.161437","5bac0fef6bba0943ea5cf7cd602a111b",21.5,18795,"Miles Bridges","player_points_over_under",2023-12-17
"2023-12-16T18:00:10.302641","5bac0fef6bba0943ea5cf7cd602a111b",20.5,835,"Tobias Harris","player_points_rebounds_over_under",2023-12-17
"2023-12-16T18:10:09.541146","5bac0fef6bba0943ea5cf7cd602a111b",28.5,837,"Tyrese Maxey","player_points_rebounds_over_under",2023-12-17
"2023-12-16T18:25:08.940320","5bac0fef6bba0943ea5cf7cd602a111b",47,917,"Joel Embiid","player_points_rebounds_over_under",2023-12-17
"2023-12-16T17:55:11.052202","5bac0fef6bba0943ea5cf7cd602a111b",15,940,"De'Anthony Melton","player_points_rebounds_over_under",2023-12-17
"2023-12-16T22:30:11.484469","5bac0fef6bba0943ea5cf7cd602a111b",29.5,16164,"Terry Rozier","player_points_rebounds_over_under",2023-12-17
"2023-12-16T18:20:08.478163","5bac0fef6bba0943ea5cf7cd602a111b",19.5,16165,"Gordon Hayward","player_points_rebounds_over_under",2023-12-17
"2023-12-16T23:20:08.983778","5bac0fef6bba0943ea5cf7cd602a111b",22.5,16492,"Brandon Miller","player_points_rebounds_over_under",2023-12-17
"2023-12-16T22:25:09.507497","5bac0fef6bba0943ea5cf7cd602a111b",19.5,17119,"Nick Richards","player_points_rebounds_over_under",2023-12-17
"2023-12-16T22:00:10.409811","5bac0fef6bba0943ea5cf7cd602a111b",14.5,17223,"Kelly Oubre Jr.","player_points_rebounds_over_under",2023-12-17
"2023-12-16T22:25:09.507425","5bac0fef6bba0943ea5cf7cd602a111b",28.5,18795,"Miles Bridges","player_points_rebounds_over_under",2023-12-17
"2023-12-16T20:15:20.161739","5bac0fef6bba0943ea5cf7cd602a111b",3.5,837,"Tyrese Maxey","player_rebounds_over_under",2023-12-17
"2023-12-16T20:15:20.161622","5bac0fef6bba0943ea5cf7cd602a111b",11.5,917,"Joel Embiid","player_rebounds_over_under",2023-12-17
"2023-12-16T20:15:20.161482","5bac0fef6bba0943ea5cf7cd602a111b",3.5,940,"De'Anthony Melton","player_rebounds_over_under",2023-12-17
"2023-12-16T20:15:20.161295","5bac0fef6bba0943ea5cf7cd602a111b",3.5,16164,"Terry Rozier","player_rebounds_over_under",2023-12-17
"2023-12-16T20:15:20.161204","5bac0fef6bba0943ea5cf7cd602a111b",3.5,16711,"Nicolas Batum","player_rebounds_over_under",2023-12-17
"2023-12-16T20:15:20.161392","5bac0fef6bba0943ea5cf7cd602a111b",6.5,18795,"Miles Bridges","player_rebounds_over_under",2023-12-17
"2023-12-16T20:15:20.161944","5bac0fef6bba0943ea5cf7cd602a111b",0.5,16492,"Brandon Miller","player_steals_over_under",2023-12-17
"2023-12-16T20:15:20.161227","5bac0fef6bba0943ea5cf7cd602a111b",0.5,16711,"Nicolas Batum","player_steals_over_under",2023-12-17
"2023-12-16T20:15:20.161323","5bac0fef6bba0943ea5cf7cd602a111b",3.5,16164,"Terry Rozier","player_threes_over_under",2023-12-17
"2023-12-16T20:15:20.161899","5bac0fef6bba0943ea5cf7cd602a111b",2.5,16492,"Brandon Miller","player_threes_over_under",2023-12-17
"2023-12-16T06:35:07.930428","5bac0fef6bba0943ea5cf7cd602a111b",3.5,917,"Joel Embiid","player_turnovers_over_under",2023-12-17
"2023-12-16T20:15:20.160609","1171be6d2d6b5207a70431b393a42cff",9.5,16141,"Trae Young","player_assists_over_under",2023-12-17
"2023-12-16T20:15:20.160997","1171be6d2d6b5207a70431b393a42cff",5.5,16142,"Dejounte Murray","player_assists_over_under",2023-12-17
"2023-12-16T14:50:15.989206","1171be6d2d6b5207a70431b393a42cff",2.5,17717,"Jarrett Allen","player_assists_over_under",2023-12-17
"2023-12-16T21:15:09.098100","1171be6d2d6b5207a70431b393a42cff",20.5,462,"Max Strus","player_assists_points_over_under",2023-12-17
"2023-12-17T00:35:08.759547","1171be6d2d6b5207a70431b393a42cff",40,16136,"Donovan Mitchell","player_assists_points_over_under",2023-12-17
"2023-12-17T00:10:09.528913","1171be6d2d6b5207a70431b393a42cff",42.5,16141,"Trae Young","player_assists_points_over_under",2023-12-17
"2023-12-17T00:10:09.529026","1171be6d2d6b5207a70431b393a42cff",25.5,16142,"Dejounte Murray","player_assists_points_over_under",2023-12-17
"2023-12-16T19:05:09.419592","1171be6d2d6b5207a70431b393a42cff",14.5,16143,"Clint Capela","player_assists_points_over_under",2023-12-17
"2023-12-16T18:55:09.224186","1171be6d2d6b5207a70431b393a42cff",16.5,16144,"Saddiq Bey","player_assists_points_over_under",2023-12-17
"2023-12-16T06:25:10.439290","1171be6d2d6b5207a70431b393a42cff",17.5,17717,"Jarrett Allen","player_assists_points_over_under",2023-12-17
"2023-12-16T20:15:20.160750","1171be6d2d6b5207a70431b393a42cff",25.5,462,"Max Strus","player_assists_points_rebounds_over_under",2023-12-17
"2023-12-16T14:50:15.989377","1171be6d2d6b5207a70431b393a42cff",44.5,16136,"Donovan Mitchell","player_assists_points_rebounds_over_under",2023-12-17
"2023-12-16T20:15:20.160657","1171be6d2d6b5207a70431b393a42cff",45.5,16141,"Trae Young","player_assists_points_rebounds_over_under",2023-12-17
"2023-12-16T20:15:20.161044","1171be6d2d6b5207a70431b393a42cff",29.5,16142,"Dejounte Murray","player_assists_points_rebounds_over_under",2023-12-17
"2023-12-16T20:15:20.160928","1171be6d2d6b5207a70431b393a42cff",26.5,16143,"Clint Capela","player_assists_points_rebounds_over_under",2023-12-17
"2023-12-16T20:15:20.161114","1171be6d2d6b5207a70431b393a42cff",24.5,16144,"Saddiq Bey","player_assists_points_rebounds_over_under",2023-12-17
"2023-12-16T20:15:20.160821","1171be6d2d6b5207a70431b393a42cff",12.5,17383,"Dean Wade","player_assists_points_rebounds_over_under",2023-12-17
"2023-12-16T14:50:15.989274","1171be6d2d6b5207a70431b393a42cff",28.5,17717,"Jarrett Allen","player_assists_points_rebounds_over_under",2023-12-17
"2023-12-16T19:20:09.018252","1171be6d2d6b5207a70431b393a42cff",9.5,462,"Max Strus","player_assists_rebounds_over_under",2023-12-17
"2023-12-17T00:10:09.528980","1171be6d2d6b5207a70431b393a42cff",13,16141,"Trae Young","player_assists_rebounds_over_under",2023-12-17
"2023-12-16T18:40:10.311329","1171be6d2d6b5207a70431b393a42cff",10,16142,"Dejounte Murray","player_assists_rebounds_over_under",2023-12-17
"2023-12-16T19:05:09.419638","1171be6d2d6b5207a70431b393a42cff",12.5,16143,"Clint Capela","player_assists_rebounds_over_under",2023-12-17
"2023-12-16T23:50:09.107838","1171be6d2d6b5207a70431b393a42cff",9.5,16144,"Saddiq Bey","player_assists_rebounds_over_under",2023-12-17
"2023-12-16T18:05:08.417512","1171be6d2d6b5207a70431b393a42cff",13.5,17717,"Jarrett Allen","player_assists_rebounds_over_under",2023-12-17
"2023-12-16T20:15:20.160882","1171be6d2d6b5207a70431b393a42cff",1.5,16143,"Clint Capela","player_blocks_over_under",2023-12-17
"2023-12-16T18:40:10.311383","1171be6d2d6b5207a70431b393a42cff",1.5,16142,"Dejounte Murray","player_blocks_steals_over_under",2023-12-17
"2023-12-16T19:05:09.419699","1171be6d2d6b5207a70431b393a42cff",2.5,16143,"Clint Capela","player_blocks_steals_over_under",2023-12-17
"2023-12-16T20:15:20.160727","1171be6d2d6b5207a70431b393a42cff",16.5,462,"Max Strus","player_points_over_under",2023-12-17
"2023-12-16T14:50:15.989342","1171be6d2d6b5207a70431b393a42cff",33.5,16136,"Donovan Mitchell","player_points_over_under",2023-12-17
"2023-12-16T20:15:20.160633","1171be6d2d6b5207a70431b393a42cff",30.5,16141,"Trae Young","player_points_over_under",2023-12-17
"2023-12-16T20:15:20.161021","1171be6d2d6b5207a70431b393a42cff",20.5,16142,"Dejounte Murray","player_points_over_under",2023-12-17
"2023-12-16T20:15:20.160905","1171be6d2d6b5207a70431b393a42cff",13.5,16143,"Clint Capela","player_points_over_under",2023-12-17
"2023-12-16T20:15:20.161090","1171be6d2d6b5207a70431b393a42cff",14.5,16144,"Saddiq Bey","player_points_over_under",2023-12-17
"2023-12-16T14:50:15.989250","1171be6d2d6b5207a70431b393a42cff",15.5,17717,"Jarrett Allen","player_points_over_under",2023-12-17
"2023-12-16T21:15:09.098144","1171be6d2d6b5207a70431b393a42cff",21.5,462,"Max Strus","player_points_rebounds_over_under",2023-12-17
"2023-12-17T00:15:09.191865","1171be6d2d6b5207a70431b393a42cff",40,16136,"Donovan Mitchell","player_points_rebounds_over_under",2023-12-17
"2023-12-17T00:35:08.759570","1171be6d2d6b5207a70431b393a42cff",36,16141,"Trae Young","player_points_rebounds_over_under",2023-12-17
"2023-12-17T00:10:09.529092","1171be6d2d6b5207a70431b393a42cff",26.5,16142,"Dejounte Murray","player_points_rebounds_over_under",2023-12-17
"2023-12-16T19:05:09.419723","1171be6d2d6b5207a70431b393a42cff",25.5,16143,"Clint Capela","player_points_rebounds_over_under",2023-12-17
"2023-12-17T00:05:08.751224","1171be6d2d6b5207a70431b393a42cff",23.5,16144,"Saddiq Bey","player_points_rebounds_over_under",2023-12-17
"2023-12-16T20:55:09.745213","1171be6d2d6b5207a70431b393a42cff",10.5,17383,"Dean Wade","player_points_rebounds_over_under",2023-12-17
"2023-12-16T18:20:08.478275","1171be6d2d6b5207a70431b393a42cff",26.5,17717,"Jarrett Allen","player_points_rebounds_over_under",2023-12-17
"2023-12-16T20:15:20.160680","1171be6d2d6b5207a70431b393a42cff",5.5,462,"Max Strus","player_rebounds_over_under",2023-12-17
"2023-12-16T14:50:15.989297","1171be6d2d6b5207a70431b393a42cff",5.5,16136,"Donovan Mitchell","player_rebounds_over_under",2023-12-17
"2023-12-16T20:15:20.160557","1171be6d2d6b5207a70431b393a42cff",3.5,16141,"Trae Young","player_rebounds_over_under",2023-12-17
"2023-12-16T20:15:20.160951","1171be6d2d6b5207a70431b393a42cff",5.5,16142,"Dejounte Murray","player_rebounds_over_under",2023-12-17
"2023-12-16T20:15:20.160853","1171be6d2d6b5207a70431b393a42cff",11.5,16143,"Clint Capela","player_rebounds_over_under",2023-12-17
"2023-12-16T20:15:20.161067","1171be6d2d6b5207a70431b393a42cff",7.5,16144,"Saddiq Bey","player_rebounds_over_under",2023-12-17
"2023-12-16T20:15:20.160775","1171be6d2d6b5207a70431b393a42cff",4.5,17383,"Dean Wade","player_rebounds_over_under",2023-12-17
"2023-12-16T14:50:15.989183","1171be6d2d6b5207a70431b393a42cff",10.5,17717,"Jarrett Allen","player_rebounds_over_under",2023-12-17
"2023-12-16T20:15:20.160704","1171be6d2d6b5207a70431b393a42cff",3.5,462,"Max Strus","player_threes_over_under",2023-12-17
"2023-12-16T14:50:15.989320","1171be6d2d6b5207a70431b393a42cff",3.5,16136,"Donovan Mitchell","player_threes_over_under",2023-12-17
"2023-12-16T20:15:20.160585","1171be6d2d6b5207a70431b393a42cff",3.5,16141,"Trae Young","player_threes_over_under",2023-12-17
"2023-12-16T20:15:20.160974","1171be6d2d6b5207a70431b393a42cff",2.5,16142,"Dejounte Murray","player_threes_over_under",2023-12-17
"2023-12-16T20:15:20.160798","1171be6d2d6b5207a70431b393a42cff",1.5,17383,"Dean Wade","player_threes_over_under",2023-12-17
"2023-12-16T06:25:10.439147","1171be6d2d6b5207a70431b393a42cff",4.5,16141,"Trae Young","player_turnovers_over_under",2023-12-17
"2023-12-16T14:50:15.989534","7c0ee74b4e0be4e1004ae707a07a0708",6.5,398,"Jimmy Butler","player_assists_over_under",2023-12-17
"2023-12-16T14:50:15.989815","7c0ee74b4e0be4e1004ae707a07a0708",3.5,16155,"Nikola Vucevic","player_assists_over_under",2023-12-17
"2023-12-16T03:55:08.091233","7c0ee74b4e0be4e1004ae707a07a0708",29.5,398,"Jimmy Butler","player_assists_points_over_under",2023-12-17
"2023-12-16T03:55:08.091471","7c0ee74b4e0be4e1004ae707a07a0708",19.5,761,"Duncan Robinson","player_assists_points_over_under",2023-12-17
"2023-12-16T03:55:08.091359","7c0ee74b4e0be4e1004ae707a07a0708",14.5,763,"Kyle Lowry","player_assists_points_over_under",2023-12-17
"2023-12-16T03:55:08.091177","7c0ee74b4e0be4e1004ae707a07a0708",29.5,16153,"Demar Derozan","player_assists_points_over_under",2023-12-17
"2023-12-16T20:20:08.223882","7c0ee74b4e0be4e1004ae707a07a0708",22.5,16155,"Nikola Vucevic","player_assists_points_over_under",2023-12-17
"2023-12-16T15:10:08.960583","7c0ee74b4e0be4e1004ae707a07a0708",29,16156,"Coby White","player_assists_points_over_under",2023-12-17
"2023-12-16T03:55:08.091388","7c0ee74b4e0be4e1004ae707a07a0708",12.5,16157,"Patrick Williams","player_assists_points_over_under",2023-12-17
"2023-12-16T14:50:15.989654","7c0ee74b4e0be4e1004ae707a07a0708",35.5,398,"Jimmy Butler","player_assists_points_rebounds_over_under",2023-12-17
"2023-12-16T14:50:15.989746","7c0ee74b4e0be4e1004ae707a07a0708",22.5,761,"Duncan Robinson","player_assists_points_rebounds_over_under",2023-12-17
"2023-12-16T14:50:15.989987","7c0ee74b4e0be4e1004ae707a07a0708",18.5,763,"Kyle Lowry","player_assists_points_rebounds_over_under",2023-12-17
"2023-12-16T14:50:15.989909","7c0ee74b4e0be4e1004ae707a07a0708",33.5,16153,"Demar Derozan","player_assists_points_rebounds_over_under",2023-12-17
"2023-12-16T14:50:15.989859","7c0ee74b4e0be4e1004ae707a07a0708",35.5,16155,"Nikola Vucevic","player_assists_points_rebounds_over_under",2023-12-17
"2023-12-16T14:50:15.989464","7c0ee74b4e0be4e1004ae707a07a0708",32.5,16156,"Coby White","player_assists_points_rebounds_over_under",2023-12-17
"2023-12-16T14:50:15.990077","7c0ee74b4e0be4e1004ae707a07a0708",16.5,16157,"Patrick Williams","player_assists_points_rebounds_over_under",2023-12-17
"2023-12-17T00:55:08.866789","7c0ee74b4e0be4e1004ae707a07a0708",12,398,"Jimmy Butler","player_assists_rebounds_over_under",2023-12-17
"2023-12-16T15:10:08.960740","7c0ee74b4e0be4e1004ae707a07a0708",8,763,"Kyle Lowry","player_assists_rebounds_over_under",2023-12-17
"2023-12-16T15:10:08.960523","7c0ee74b4e0be4e1004ae707a07a0708",10,16153,"Demar Derozan","player_assists_rebounds_over_under",2023-12-17
"2023-12-16T04:00:08.893303","7c0ee74b4e0be4e1004ae707a07a0708",15.5,16155,"Nikola Vucevic","player_assists_rebounds_over_under",2023-12-17
"2023-12-16T15:10:08.960672","7c0ee74b4e0be4e1004ae707a07a0708",10,16156,"Coby White","player_assists_rebounds_over_under",2023-12-17
"2023-12-16T04:05:08.085508","7c0ee74b4e0be4e1004ae707a07a0708",1.5,398,"Jimmy Butler","player_blocks_steals_over_under",2023-12-17
"2023-12-16T04:05:08.085452","7c0ee74b4e0be4e1004ae707a07a0708",0.5,761,"Duncan Robinson","player_blocks_steals_over_under",2023-12-17
"2023-12-16T04:05:08.085563","7c0ee74b4e0be4e1004ae707a07a0708",1.5,763,"Kyle Lowry","player_blocks_steals_over_under",2023-12-17
"2023-12-16T04:05:08.085480","7c0ee74b4e0be4e1004ae707a07a0708",1.5,16153,"Demar Derozan","player_blocks_steals_over_under",2023-12-17
"2023-12-16T04:05:08.085536","7c0ee74b4e0be4e1004ae707a07a0708",1.5,16155,"Nikola Vucevic","player_blocks_steals_over_under",2023-12-17
"2023-12-16T14:50:15.989557","7c0ee74b4e0be4e1004ae707a07a0708",22.5,398,"Jimmy Butler","player_points_over_under",2023-12-17
"2023-12-16T14:50:15.989724","7c0ee74b4e0be4e1004ae707a07a0708",15.5,761,"Duncan Robinson","player_points_over_under",2023-12-17
"2023-12-16T14:50:15.989965","7c0ee74b4e0be4e1004ae707a07a0708",10.5,763,"Kyle Lowry","player_points_over_under",2023-12-17
"2023-12-16T14:50:15.989882","7c0ee74b4e0be4e1004ae707a07a0708",22.5,16153,"Demar Derozan","player_points_over_under",2023-12-17
"2023-12-16T14:50:15.989837","7c0ee74b4e0be4e1004ae707a07a0708",19.5,16155,"Nikola Vucevic","player_points_over_under",2023-12-17
"2023-12-16T14:50:15.989439","7c0ee74b4e0be4e1004ae707a07a0708",21.5,16156,"Coby White","player_points_over_under",2023-12-17
"2023-12-16T14:50:15.990053","7c0ee74b4e0be4e1004ae707a07a0708",10.5,16157,"Patrick Williams","player_points_over_under",2023-12-17
"2023-12-17T00:55:08.866741","7c0ee74b4e0be4e1004ae707a07a0708",28.5,398,"Jimmy Butler","player_points_rebounds_over_under",2023-12-17
"2023-12-16T20:55:09.745491","7c0ee74b4e0be4e1004ae707a07a0708",18.5,761,"Duncan Robinson","player_points_rebounds_over_under",2023-12-17
"2023-12-16T03:55:08.091317","7c0ee74b4e0be4e1004ae707a07a0708",14.5,763,"Kyle Lowry","player_points_rebounds_over_under",2023-12-17
"2023-12-16T03:55:08.091148","7c0ee74b4e0be4e1004ae707a07a0708",27.5,16153,"Demar Derozan","player_points_rebounds_over_under",2023-12-17
"2023-12-16T20:20:08.223905","7c0ee74b4e0be4e1004ae707a07a0708",30.5,16155,"Nikola Vucevic","player_points_rebounds_over_under",2023-12-17
"2023-12-16T03:55:08.091443","7c0ee74b4e0be4e1004ae707a07a0708",26.5,16156,"Coby White","player_points_rebounds_over_under",2023-12-17
"2023-12-16T03:55:08.091416","7c0ee74b4e0be4e1004ae707a07a0708",15.5,16157,"Patrick Williams","player_points_rebounds_over_under",2023-12-17
"2023-12-16T14:50:15.989487","7c0ee74b4e0be4e1004ae707a07a0708",5.5,398,"Jimmy Butler","player_rebounds_over_under",2023-12-17
"2023-12-16T14:50:15.989679","7c0ee74b4e0be4e1004ae707a07a0708",2.5,761,"Duncan Robinson","player_rebounds_over_under",2023-12-17
"2023-12-16T14:50:15.989770","7c0ee74b4e0be4e1004ae707a07a0708",11.5,16155,"Nikola Vucevic","player_rebounds_over_under",2023-12-17
"2023-12-16T14:50:15.990009","7c0ee74b4e0be4e1004ae707a07a0708",4.5,16157,"Patrick Williams","player_rebounds_over_under",2023-12-17
"2023-12-16T14:50:15.989511","7c0ee74b4e0be4e1004ae707a07a0708",0.5,398,"Jimmy Butler","player_threes_over_under",2023-12-17
"2023-12-16T14:50:15.989702","7c0ee74b4e0be4e1004ae707a07a0708",3.5,761,"Duncan Robinson","player_threes_over_under",2023-12-17
"2023-12-16T14:50:15.989941","7c0ee74b4e0be4e1004ae707a07a0708",2.5,763,"Kyle Lowry","player_threes_over_under",2023-12-17
"2023-12-16T14:50:15.989792","7c0ee74b4e0be4e1004ae707a07a0708",1.5,16155,"Nikola Vucevic","player_threes_over_under",2023-12-17
"2023-12-16T14:50:15.989400","7c0ee74b4e0be4e1004ae707a07a0708",4.5,16156,"Coby White","player_threes_over_under",2023-12-17
"2023-12-16T14:50:15.990031","7c0ee74b4e0be4e1004ae707a07a0708",1.5,16157,"Patrick Williams","player_threes_over_under",2023-12-17
"2023-12-16T04:10:08.174901","7c0ee74b4e0be4e1004ae707a07a0708",1.5,761,"Duncan Robinson","player_turnovers_over_under",2023-12-17
"2023-12-16T04:10:08.174925","7c0ee74b4e0be4e1004ae707a07a0708",1.5,763,"Kyle Lowry","player_turnovers_over_under",2023-12-17
"2023-12-16T20:15:20.163216","898705e3f0f3c5a155019da77276dd7a",7.5,16314,"Mike Conley","player_assists_over_under",2023-12-17
"2023-12-17T00:30:09.181270","898705e3f0f3c5a155019da77276dd7a",13.5,392,"Bruce Brown","player_assists_points_over_under",2023-12-17
"2023-12-17T00:30:09.181603","898705e3f0f3c5a155019da77276dd7a",13.5,759,"Obi Toppin","player_assists_points_over_under",2023-12-17
"2023-12-16T21:45:09.248810","898705e3f0f3c5a155019da77276dd7a",29.5,16311,"Anthony Edwards","player_assists_points_over_under",2023-12-17
"2023-12-17T01:00:09.329580","898705e3f0f3c5a155019da77276dd7a",25.5,16312,"Karl-Anthony Towns","player_assists_points_over_under",2023-12-17
"2023-12-17T00:50:08.951985","898705e3f0f3c5a155019da77276dd7a",15.5,16313,"Rudy Gobert","player_assists_points_over_under",2023-12-17
"2023-12-17T00:45:09.260940","898705e3f0f3c5a155019da77276dd7a",20.5,16314,"Mike Conley","player_assists_points_over_under",2023-12-17
"2023-12-17T00:30:09.181537","898705e3f0f3c5a155019da77276dd7a",18.5,16809,"Myles Turner","player_assists_points_over_under",2023-12-17
"2023-12-17T00:30:09.181404","898705e3f0f3c5a155019da77276dd7a",18.5,17118,"Buddy Hield","player_assists_points_over_under",2023-12-17
"2023-12-17T00:30:09.181827","898705e3f0f3c5a155019da77276dd7a",24.5,17193,"T.J. Mcconnell","player_assists_points_over_under",2023-12-17
"2023-12-16T20:15:20.163171","898705e3f0f3c5a155019da77276dd7a",36.5,16312,"Karl-Anthony Towns","player_assists_points_rebounds_over_under",2023-12-17
"2023-12-16T20:15:20.163349","898705e3f0f3c5a155019da77276dd7a",29.5,16313,"Rudy Gobert","player_assists_points_rebounds_over_under",2023-12-17
"2023-12-16T20:15:20.163260","898705e3f0f3c5a155019da77276dd7a",24.5,16314,"Mike Conley","player_assists_points_rebounds_over_under",2023-12-17
"2023-12-16T21:45:09.248694","898705e3f0f3c5a155019da77276dd7a",10,16311,"Anthony Edwards","player_assists_rebounds_over_under",2023-12-17
"2023-12-17T00:40:09.195883","898705e3f0f3c5a155019da77276dd7a",13,16312,"Karl-Anthony Towns","player_assists_rebounds_over_under",2023-12-17
"2023-12-17T00:35:08.761294","898705e3f0f3c5a155019da77276dd7a",14,16313,"Rudy Gobert","player_assists_rebounds_over_under",2023-12-17
"2023-12-17T00:55:08.866674","898705e3f0f3c5a155019da77276dd7a",9.5,16314,"Mike Conley","player_assists_rebounds_over_under",2023-12-17
"2023-12-17T00:30:09.181559","898705e3f0f3c5a155019da77276dd7a",8.5,16809,"Myles Turner","player_assists_rebounds_over_under",2023-12-17
"2023-12-17T00:30:09.181783","898705e3f0f3c5a155019da77276dd7a",14.5,17193,"T.J. Mcconnell","player_assists_rebounds_over_under",2023-12-17
"2023-12-16T20:15:20.163104","898705e3f0f3c5a155019da77276dd7a",0.5,16312,"Karl-Anthony Towns","player_blocks_over_under",2023-12-17
"2023-12-17T00:30:09.181359","898705e3f0f3c5a155019da77276dd7a",1.5,17118,"Buddy Hield","player_blocks_steals_over_under",2023-12-17
"2023-12-16T20:15:20.163149","898705e3f0f3c5a155019da77276dd7a",22.5,16312,"Karl-Anthony Towns","player_points_over_under",2023-12-17
"2023-12-16T20:15:20.163327","898705e3f0f3c5a155019da77276dd7a",15.5,16313,"Rudy Gobert","player_points_over_under",2023-12-17
"2023-12-16T20:15:20.163238","898705e3f0f3c5a155019da77276dd7a",14.5,16314,"Mike Conley","player_points_over_under",2023-12-17
"2023-12-17T00:30:09.181248","898705e3f0f3c5a155019da77276dd7a",14.5,392,"Bruce Brown","player_points_rebounds_over_under",2023-12-17
"2023-12-17T00:30:09.181625","898705e3f0f3c5a155019da77276dd7a",15.5,759,"Obi Toppin","player_points_rebounds_over_under",2023-12-17
"2023-12-17T00:55:08.866696","898705e3f0f3c5a155019da77276dd7a",28.5,16311,"Anthony Edwards","player_points_rebounds_over_under",2023-12-17
"2023-12-17T00:40:09.195861","898705e3f0f3c5a155019da77276dd7a",32.5,16312,"Karl-Anthony Towns","player_points_rebounds_over_under",2023-12-17
"2023-12-16T20:35:08.972170","898705e3f0f3c5a155019da77276dd7a",28.5,16313,"Rudy Gobert","player_points_rebounds_over_under",2023-12-17
"2023-12-16T20:25:09.129602","898705e3f0f3c5a155019da77276dd7a",16.5,16314,"Mike Conley","player_points_rebounds_over_under",2023-12-17
"2023-12-17T00:30:09.181581","898705e3f0f3c5a155019da77276dd7a",24.5,16809,"Myles Turner","player_points_rebounds_over_under",2023-12-17
"2023-12-17T00:30:09.181337","898705e3f0f3c5a155019da77276dd7a",19.5,17118,"Buddy Hield","player_points_rebounds_over_under",2023-12-17
"2023-12-17T00:30:09.181734","898705e3f0f3c5a155019da77276dd7a",17.5,17193,"T.J. Mcconnell","player_points_rebounds_over_under",2023-12-17
"2023-12-16T20:15:20.163082","898705e3f0f3c5a155019da77276dd7a",9.5,16312,"Karl-Anthony Towns","player_rebounds_over_under",2023-12-17
"2023-12-16T20:15:20.163282","898705e3f0f3c5a155019da77276dd7a",12.5,16313,"Rudy Gobert","player_rebounds_over_under",2023-12-17
"2023-12-16T20:15:20.163126","898705e3f0f3c5a155019da77276dd7a",0.5,16312,"Karl-Anthony Towns","player_steals_over_under",2023-12-17
"2023-12-16T20:15:20.163304","898705e3f0f3c5a155019da77276dd7a",0.5,16313,"Rudy Gobert","player_steals_over_under",2023-12-17
"2023-12-16T20:15:20.163194","898705e3f0f3c5a155019da77276dd7a",2.5,16314,"Mike Conley","player_threes_over_under",2023-12-17
"2023-12-17T00:30:09.181427","898705e3f0f3c5a155019da77276dd7a",1.5,17118,"Buddy Hield","player_turnovers_over_under",2023-12-17
"2023-12-16T14:50:15.988571","9513ec827638505cef8ef5188ad8978d",2.5,369,"Kevon Looney","player_assists_over_under",2023-12-17
"2023-12-16T14:50:15.988414","9513ec827638505cef8ef5188ad8978d",5.5,394,"Stephen Curry","player_assists_over_under",2023-12-17
"2023-12-16T14:50:15.988233","9513ec827638505cef8ef5188ad8978d",7.5,16551,"Spencer Dinwiddie","player_assists_over_under",2023-12-17
"2023-12-16T14:50:15.989113","9513ec827638505cef8ef5188ad8978d",3.5,18711,"Brandin Podziemski","player_assists_over_under",2023-12-17
"2023-12-16T03:10:08.092066","9513ec827638505cef8ef5188ad8978d",19.5,390,"Klay Thompson","player_assists_points_over_under",2023-12-17
"2023-12-16T03:00:08.833712","9513ec827638505cef8ef5188ad8978d",32.5,394,"Stephen Curry","player_assists_points_over_under",2023-12-17
"2023-12-16T03:00:08.833646","9513ec827638505cef8ef5188ad8978d",27.5,16550,"Mikal Bridges","player_assists_points_over_under",2023-12-17
"2023-12-16T03:20:08.598619","9513ec827638505cef8ef5188ad8978d",24.5,16551,"Spencer Dinwiddie","player_assists_points_over_under",2023-12-17
"2023-12-17T00:55:08.866252","9513ec827638505cef8ef5188ad8978d",23.5,16729,"Cam Thomas","player_assists_points_over_under",2023-12-17
"2023-12-16T04:35:08.240324","9513ec827638505cef8ef5188ad8978d",15.5,17104,"Jonathan Kuminga","player_assists_points_over_under",2023-12-17
"2023-12-16T03:30:08.457468","9513ec827638505cef8ef5188ad8978d",16.5,17146,"Cameron Johnson","player_assists_points_over_under",2023-12-17
"2023-12-16T04:35:08.240269","9513ec827638505cef8ef5188ad8978d",15.5,18711,"Brandin Podziemski","player_assists_points_over_under",2023-12-17
"2023-12-16T14:50:15.988639","9513ec827638505cef8ef5188ad8978d",17.5,369,"Kevon Looney","player_assists_points_rebounds_over_under",2023-12-17
"2023-12-16T14:50:15.988549","9513ec827638505cef8ef5188ad8978d",22.5,390,"Klay Thompson","player_assists_points_rebounds_over_under",2023-12-17
"2023-12-16T14:50:15.988459","9513ec827638505cef8ef5188ad8978d",37.5,394,"Stephen Curry","player_assists_points_rebounds_over_under",2023-12-17
"2023-12-16T14:50:15.988731","9513ec827638505cef8ef5188ad8978d",32.5,16550,"Mikal Bridges","player_assists_points_rebounds_over_under",2023-12-17
"2023-12-16T14:50:15.988278","9513ec827638505cef8ef5188ad8978d",28.5,16551,"Spencer Dinwiddie","player_assists_points_rebounds_over_under",2023-12-17
"2023-12-16T14:50:15.988368","9513ec827638505cef8ef5188ad8978d",21.5,16552,"Nic Claxton","player_assists_points_rebounds_over_under",2023-12-17
"2023-12-16T14:50:15.989044","9513ec827638505cef8ef5188ad8978d",23.5,16729,"Cam Thomas","player_assists_points_rebounds_over_under",2023-12-17
"2023-12-16T14:50:15.988922","9513ec827638505cef8ef5188ad8978d",20.5,17104,"Jonathan Kuminga","player_assists_points_rebounds_over_under",2023-12-17
"2023-12-16T14:50:15.988798","9513ec827638505cef8ef5188ad8978d",22.5,17146,"Cameron Johnson","player_assists_points_rebounds_over_under",2023-12-17
"2023-12-16T14:50:15.989160","9513ec827638505cef8ef5188ad8978d",21.5,18711,"Brandin Podziemski","player_assists_points_rebounds_over_under",2023-12-17
"2023-12-16T03:00:08.833733","9513ec827638505cef8ef5188ad8978d",9.5,394,"Stephen Curry","player_assists_rebounds_over_under",2023-12-17
"2023-12-16T03:20:08.598703","9513ec827638505cef8ef5188ad8978d",11.5,16551,"Spencer Dinwiddie","player_assists_rebounds_over_under",2023-12-17
"2023-12-16T03:35:08.408753","9513ec827638505cef8ef5188ad8978d",10.5,17043,"Nicolas Claxton","player_assists_rebounds_over_under",2023-12-17
"2023-12-16T03:30:08.457490","9513ec827638505cef8ef5188ad8978d",7.5,17146,"Cameron Johnson","player_assists_rebounds_over_under",2023-12-17
"2023-12-16T15:25:09.723875","9513ec827638505cef8ef5188ad8978d",10,18711,"Brandin Podziemski","player_assists_rebounds_over_under",2023-12-17
"2023-12-16T03:35:08.408809","9513ec827638505cef8ef5188ad8978d",2.5,17043,"Nicolas Claxton","player_blocks_steals_over_under",2023-12-17
"2023-12-16T14:50:15.988616","9513ec827638505cef8ef5188ad8978d",5.5,369,"Kevon Looney","player_points_over_under",2023-12-17
"2023-12-16T14:50:15.988526","9513ec827638505cef8ef5188ad8978d",16.5,390,"Klay Thompson","player_points_over_under",2023-12-17
"2023-12-16T14:50:15.988436","9513ec827638505cef8ef5188ad8978d",26.5,394,"Stephen Curry","player_points_over_under",2023-12-17
"2023-12-16T14:50:15.988708","9513ec827638505cef8ef5188ad8978d",22.5,16550,"Mikal Bridges","player_points_over_under",2023-12-17
"2023-12-16T14:50:15.988256","9513ec827638505cef8ef5188ad8978d",16.5,16551,"Spencer Dinwiddie","player_points_over_under",2023-12-17
"2023-12-16T14:50:15.988345","9513ec827638505cef8ef5188ad8978d",10.5,16552,"Nic Claxton","player_points_over_under",2023-12-17
"2023-12-16T14:50:15.989021","9513ec827638505cef8ef5188ad8978d",19.5,16729,"Cam Thomas","player_points_over_under",2023-12-17
"2023-12-16T14:50:15.988895","9513ec827638505cef8ef5188ad8978d",14.5,17104,"Jonathan Kuminga","player_points_over_under",2023-12-17
"2023-12-16T14:50:15.988776","9513ec827638505cef8ef5188ad8978d",14.5,17146,"Cameron Johnson","player_points_over_under",2023-12-17
"2023-12-16T14:50:15.989136","9513ec827638505cef8ef5188ad8978d",11.5,18711,"Brandin Podziemski","player_points_over_under",2023-12-17
"2023-12-16T22:35:08.789482","9513ec827638505cef8ef5188ad8978d",13.5,369,"Kevon Looney","player_points_rebounds_over_under",2023-12-17
"2023-12-16T03:10:08.091992","9513ec827638505cef8ef5188ad8978d",20.5,390,"Klay Thompson","player_points_rebounds_over_under",2023-12-17
"2023-12-16T03:00:08.833777","9513ec827638505cef8ef5188ad8978d",32.5,394,"Stephen Curry","player_points_rebounds_over_under",2023-12-17
"2023-12-16T03:00:08.833668","9513ec827638505cef8ef5188ad8978d",28.5,16550,"Mikal Bridges","player_points_rebounds_over_under",2023-12-17
"2023-12-16T03:20:08.598563","9513ec827638505cef8ef5188ad8978d",20.5,16551,"Spencer Dinwiddie","player_points_rebounds_over_under",2023-12-17
"2023-12-17T00:55:08.866207","9513ec827638505cef8ef5188ad8978d",24.5,16729,"Cam Thomas","player_points_rebounds_over_under",2023-12-17
"2023-12-16T16:15:08.562351","9513ec827638505cef8ef5188ad8978d",19,17104,"Jonathan Kuminga","player_points_rebounds_over_under",2023-12-17
"2023-12-17T01:10:09.163641","9513ec827638505cef8ef5188ad8978d",20.5,17146,"Cameron Johnson","player_points_rebounds_over_under",2023-12-17
"2023-12-16T18:30:10.710812","9513ec827638505cef8ef5188ad8978d",18,18711,"Brandin Podziemski","player_points_rebounds_over_under",2023-12-17
"2023-12-16T14:50:15.988391","9513ec827638505cef8ef5188ad8978d",4.5,394,"Stephen Curry","player_rebounds_over_under",2023-12-17
"2023-12-16T14:50:15.988662","9513ec827638505cef8ef5188ad8978d",5.5,16550,"Mikal Bridges","player_rebounds_over_under",2023-12-17
"2023-12-16T14:50:15.988211","9513ec827638505cef8ef5188ad8978d",3.5,16551,"Spencer Dinwiddie","player_rebounds_over_under",2023-12-17
"2023-12-16T14:50:15.988300","9513ec827638505cef8ef5188ad8978d",9.5,16552,"Nic Claxton","player_rebounds_over_under",2023-12-17
"2023-12-16T14:50:15.988822","9513ec827638505cef8ef5188ad8978d",4.5,17104,"Jonathan Kuminga","player_rebounds_over_under",2023-12-17
"2023-12-16T14:50:15.989079","9513ec827638505cef8ef5188ad8978d",6.5,18711,"Brandin Podziemski","player_rebounds_over_under",2023-12-17
"2023-12-16T14:50:15.988594","9513ec827638505cef8ef5188ad8978d",0.5,369,"Kevon Looney","player_steals_over_under",2023-12-17
"2023-12-16T14:50:15.988504","9513ec827638505cef8ef5188ad8978d",0.5,390,"Klay Thompson","player_steals_over_under",2023-12-17
"2023-12-16T14:50:15.988322","9513ec827638505cef8ef5188ad8978d",0.5,16552,"Nic Claxton","player_steals_over_under",2023-12-17
"2023-12-16T14:50:15.988997","9513ec827638505cef8ef5188ad8978d",0.5,16729,"Cam Thomas","player_steals_over_under",2023-12-17
"2023-12-16T14:50:15.988851","9513ec827638505cef8ef5188ad8978d",0.5,17104,"Jonathan Kuminga","player_steals_over_under",2023-12-17
"2023-12-16T14:50:15.988482","9513ec827638505cef8ef5188ad8978d",3.5,390,"Klay Thompson","player_threes_over_under",2023-12-17
"2023-12-16T14:50:15.988685","9513ec827638505cef8ef5188ad8978d",2.5,16550,"Mikal Bridges","player_threes_over_under",2023-12-17
"2023-12-16T14:50:15.988968","9513ec827638505cef8ef5188ad8978d",1.5,16729,"Cam Thomas","player_threes_over_under",2023-12-17
"2023-12-16T14:50:15.988754","9513ec827638505cef8ef5188ad8978d",2.5,17146,"Cameron Johnson","player_threes_over_under",2023-12-17
"2023-12-16T22:35:08.789460","9513ec827638505cef8ef5188ad8978d",0.5,369,"Kevon Looney","player_turnovers_over_under",2023-12-17
"2023-12-16T03:10:08.092022","9513ec827638505cef8ef5188ad8978d",1.5,390,"Klay Thompson","player_turnovers_over_under",2023-12-17
"2023-12-16T03:00:08.833690","9513ec827638505cef8ef5188ad8978d",2.5,16550,"Mikal Bridges","player_turnovers_over_under",2023-12-17
"2023-12-16T03:00:08.833864","9513ec827638505cef8ef5188ad8978d",1.5,16729,"Cam Thomas","player_turnovers_over_under",2023-12-17
"2023-12-16T04:40:07.763685","9513ec827638505cef8ef5188ad8978d",1.5,17104,"Jonathan Kuminga","player_turnovers_over_under",2023-12-17
"2023-12-16T04:40:07.763649","9513ec827638505cef8ef5188ad8978d",1.5,18711,"Brandin Podziemski","player_turnovers_over_under",2023-12-17
"2023-12-16T14:50:15.990439","6f172ff631a4847ce3dc988288029a13",9.5,388,"Nikola Jokic","player_assists_over_under",2023-12-17
"2023-12-16T14:50:15.990547","6f172ff631a4847ce3dc988288029a13",5.5,391,"Jamal Murray","player_assists_over_under",2023-12-17
"2023-12-16T14:50:15.991210","6f172ff631a4847ce3dc988288029a13",2.5,397,"Aaron Gordon","player_assists_over_under",2023-12-17
"2023-12-16T14:50:15.990918","6f172ff631a4847ce3dc988288029a13",6.5,16128,"Shai Gilgeous-Alexander","player_assists_over_under",2023-12-17
"2023-12-16T04:55:07.995501","6f172ff631a4847ce3dc988288029a13",37.5,388,"Nikola Jokic","player_assists_points_over_under",2023-12-17
"2023-12-16T04:55:07.995680","6f172ff631a4847ce3dc988288029a13",25.5,391,"Jamal Murray","player_assists_points_over_under",2023-12-17
"2023-12-16T04:55:07.995816","6f172ff631a4847ce3dc988288029a13",16.5,397,"Aaron Gordon","player_assists_points_over_under",2023-12-17
"2023-12-16T04:55:07.995589","6f172ff631a4847ce3dc988288029a13",38.5,16128,"Shai Gilgeous-Alexander","player_assists_points_over_under",2023-12-17
"2023-12-16T04:55:07.995704","6f172ff631a4847ce3dc988288029a13",17.5,16129,"Chet Holmgren","player_assists_points_over_under",2023-12-17
"2023-12-16T04:55:07.995970","6f172ff631a4847ce3dc988288029a13",18.5,16130,"Jalen Williams","player_assists_points_over_under",2023-12-17
"2023-12-16T04:55:07.996080","6f172ff631a4847ce3dc988288029a13",16.5,16172,"Josh Giddey","player_assists_points_over_under",2023-12-17
"2023-12-16T04:55:07.996169","6f172ff631a4847ce3dc988288029a13",12.5,16785,"Luguentz Dort","player_assists_points_over_under",2023-12-17
"2023-12-16T14:50:15.990484","6f172ff631a4847ce3dc988288029a13",51.5,388,"Nikola Jokic","player_assists_points_rebounds_over_under",2023-12-17
"2023-12-16T14:50:15.990627","6f172ff631a4847ce3dc988288029a13",29.5,391,"Jamal Murray","player_assists_points_rebounds_over_under",2023-12-17
"2023-12-16T14:50:15.991255","6f172ff631a4847ce3dc988288029a13",23.5,397,"Aaron Gordon","player_assists_points_rebounds_over_under",2023-12-17
"2023-12-16T14:50:15.990826","6f172ff631a4847ce3dc988288029a13",24.5,409,"Michael Porter Jr.","player_assists_points_rebounds_over_under",2023-12-17
"2023-12-16T14:50:15.991003","6f172ff631a4847ce3dc988288029a13",43.5,16128,"Shai Gilgeous-Alexander","player_assists_points_rebounds_over_under",2023-12-17
"2023-12-16T14:50:15.991438","6f172ff631a4847ce3dc988288029a13",25.5,16129,"Chet Holmgren","player_assists_points_rebounds_over_under",2023-12-17
"2023-12-16T14:50:15.991483","6f172ff631a4847ce3dc988288029a13",23.5,16130,"Jalen Williams","player_assists_points_rebounds_over_under",2023-12-17
"2023-12-16T14:50:15.991346","6f172ff631a4847ce3dc988288029a13",22.5,16172,"Josh Giddey","player_assists_points_rebounds_over_under",2023-12-17
"2023-12-16T14:50:15.991126","6f172ff631a4847ce3dc988288029a13",16.5,16785,"Luguentz Dort","player_assists_points_rebounds_over_under",2023-12-17
"2023-12-16T18:15:08.890408","6f172ff631a4847ce3dc988288029a13",23.5,388,"Nikola Jokic","player_assists_rebounds_over_under",2023-12-17
"2023-12-16T04:55:07.995860","6f172ff631a4847ce3dc988288029a13",9.5,397,"Aaron Gordon","player_assists_rebounds_over_under",2023-12-17
"2023-12-16T16:30:08.907994","6f172ff631a4847ce3dc988288029a13",12,16128,"Shai Gilgeous-Alexander","player_assists_rebounds_over_under",2023-12-17
"2023-12-16T04:55:07.995726","6f172ff631a4847ce3dc988288029a13",9.5,16129,"Chet Holmgren","player_assists_rebounds_over_under",2023-12-17
"2023-12-16T04:55:07.995904","6f172ff631a4847ce3dc988288029a13",7.5,16130,"Jalen Williams","player_assists_rebounds_over_under",2023-12-17
"2023-12-16T13:25:08.227746","6f172ff631a4847ce3dc988288029a13",10,16172,"Josh Giddey","player_assists_rebounds_over_under",2023-12-17
"2023-12-16T14:50:15.990696","6f172ff631a4847ce3dc988288029a13",0.5,409,"Michael Porter Jr.","player_blocks_over_under",2023-12-17
"2023-12-16T14:50:15.990941","6f172ff631a4847ce3dc988288029a13",0.5,16128,"Shai Gilgeous-Alexander","player_blocks_over_under",2023-12-17
"2023-12-16T14:50:15.991048","6f172ff631a4847ce3dc988288029a13",0.5,16785,"Luguentz Dort","player_blocks_over_under",2023-12-17
"2023-12-15T22:35:14.926548","6f172ff631a4847ce3dc988288029a13",2,388,"Nikola Jokic","player_blocks_steals_over_under",2023-12-17
"2023-12-15T22:35:14.926386","6f172ff631a4847ce3dc988288029a13",3,16129,"Chet Holmgren","player_blocks_steals_over_under",2023-12-17
"2023-12-16T14:50:15.990461","6f172ff631a4847ce3dc988288029a13",29.5,388,"Nikola Jokic","player_points_over_under",2023-12-17
"2023-12-16T14:50:15.990591","6f172ff631a4847ce3dc988288029a13",20.5,391,"Jamal Murray","player_points_over_under",2023-12-17
"2023-12-16T14:50:15.991233","6f172ff631a4847ce3dc988288029a13",13.5,397,"Aaron Gordon","player_points_over_under",2023-12-17
"2023-12-16T14:50:15.990785","6f172ff631a4847ce3dc988288029a13",15.5,409,"Michael Porter Jr.","player_points_over_under",2023-12-17
"2023-12-16T14:50:15.990981","6f172ff631a4847ce3dc988288029a13",30.5,16128,"Shai Gilgeous-Alexander","player_points_over_under",2023-12-17
"2023-12-16T14:50:15.991414","6f172ff631a4847ce3dc988288029a13",15.5,16129,"Chet Holmgren","player_points_over_under",2023-12-17
"2023-12-16T14:50:15.991460","6f172ff631a4847ce3dc988288029a13",15.5,16130,"Jalen Williams","player_points_over_under",2023-12-17
"2023-12-16T14:50:15.991324","6f172ff631a4847ce3dc988288029a13",11.5,16172,"Josh Giddey","player_points_over_under",2023-12-17
"2023-12-16T14:50:15.991093","6f172ff631a4847ce3dc988288029a13",10.5,16785,"Luguentz Dort","player_points_over_under",2023-12-17
"2023-12-16T14:50:15.990896","6f172ff631a4847ce3dc988288029a13",6.5,19185,"Justin Holiday","player_points_over_under",2023-12-17
"2023-12-16T13:10:08.288970","6f172ff631a4847ce3dc988288029a13",41.5,388,"Nikola Jokic","player_points_rebounds_over_under",2023-12-17
"2023-12-16T04:55:07.995611","6f172ff631a4847ce3dc988288029a13",23.5,391,"Jamal Murray","player_points_rebounds_over_under",2023-12-17
"2023-12-16T04:55:07.995838","6f172ff631a4847ce3dc988288029a13",20.5,397,"Aaron Gordon","player_points_rebounds_over_under",2023-12-17
"2023-12-16T04:55:07.995567","6f172ff631a4847ce3dc988288029a13",36.5,16128,"Shai Gilgeous-Alexander","player_points_rebounds_over_under",2023-12-17
"2023-12-16T15:35:08.076348","6f172ff631a4847ce3dc988288029a13",24,16129,"Chet Holmgren","player_points_rebounds_over_under",2023-12-17
"2023-12-16T04:55:07.995948","6f172ff631a4847ce3dc988288029a13",19.5,16130,"Jalen Williams","player_points_rebounds_over_under",2023-12-17
"2023-12-16T04:55:07.996147","6f172ff631a4847ce3dc988288029a13",17.5,16172,"Josh Giddey","player_points_rebounds_over_under",2023-12-17
"2023-12-17T00:15:09.125203","6f172ff631a4847ce3dc988288029a13",15,16785,"Luguentz Dort","player_points_rebounds_over_under",2023-12-17
"2023-12-16T14:50:15.990416","6f172ff631a4847ce3dc988288029a13",12.5,388,"Nikola Jokic","player_rebounds_over_under",2023-12-17
"2023-12-16T14:50:15.991165","6f172ff631a4847ce3dc988288029a13",6.5,397,"Aaron Gordon","player_rebounds_over_under",2023-12-17
"2023-12-16T14:50:15.990651","6f172ff631a4847ce3dc988288029a13",7.5,409,"Michael Porter Jr.","player_rebounds_over_under",2023-12-17
"2023-12-16T14:50:15.991370","6f172ff631a4847ce3dc988288029a13",7.5,16129,"Chet Holmgren","player_rebounds_over_under",2023-12-17
"2023-12-16T14:50:15.991278","6f172ff631a4847ce3dc988288029a13",5.5,16172,"Josh Giddey","player_rebounds_over_under",2023-12-17
"2023-12-16T14:50:15.990739","6f172ff631a4847ce3dc988288029a13",0.5,409,"Michael Porter Jr.","player_steals_over_under",2023-12-17
"2023-12-16T14:50:15.991392","6f172ff631a4847ce3dc988288029a13",0.5,16129,"Chet Holmgren","player_steals_over_under",2023-12-17
"2023-12-16T14:50:15.991070","6f172ff631a4847ce3dc988288029a13",0.5,16785,"Luguentz Dort","player_steals_over_under",2023-12-17
"2023-12-16T14:50:15.990506","6f172ff631a4847ce3dc988288029a13",2.5,391,"Jamal Murray","player_threes_over_under",2023-12-17
"2023-12-16T14:50:15.991188","6f172ff631a4847ce3dc988288029a13",0.5,397,"Aaron Gordon","player_threes_over_under",2023-12-17
"2023-12-16T14:50:15.990673","6f172ff631a4847ce3dc988288029a13",2.5,409,"Michael Porter Jr.","player_threes_over_under",2023-12-17
"2023-12-16T14:50:15.991301","6f172ff631a4847ce3dc988288029a13",1.5,16172,"Josh Giddey","player_threes_over_under",2023-12-17
"2023-12-16T14:50:15.991026","6f172ff631a4847ce3dc988288029a13",1.5,16785,"Luguentz Dort","player_threes_over_under",2023-12-17
"2023-12-16T14:50:15.990872","6f172ff631a4847ce3dc988288029a13",1.5,19185,"Justin Holiday","player_threes_over_under",2023-12-17
"2023-12-16T04:55:07.995749","6f172ff631a4847ce3dc988288029a13",1.5,16129,"Chet Holmgren","player_turnovers_over_under",2023-12-17
"2023-12-16T14:50:15.987611","463a7b6c727f9f24045b70cb5365f112",1.5,1200,"Grant Williams","player_assists_over_under",2023-12-17
"2023-12-16T14:50:15.987982","463a7b6c727f9f24045b70cb5365f112",5.5,16162,"Anfernee Simons","player_assists_over_under",2023-12-17
"2023-12-16T14:50:15.987776","463a7b6c727f9f24045b70cb5365f112",11.5,17124,"Luka Doncic","player_assists_over_under",2023-12-17
"2023-12-16T05:15:08.892862","463a7b6c727f9f24045b70cb5365f112",11.5,1200,"Grant Williams","player_assists_points_over_under",2023-12-17
"2023-12-17T01:40:08.149209","463a7b6c727f9f24045b70cb5365f112",29.5,16162,"Anfernee Simons","player_assists_points_over_under",2023-12-17
"2023-12-16T05:15:08.892884","463a7b6c727f9f24045b70cb5365f112",45.5,17124,"Luka Doncic","player_assists_points_over_under",2023-12-17
"2023-12-16T22:50:08.702019","463a7b6c727f9f24045b70cb5365f112",19.5,17129,"Tim Hardaway Jr.","player_assists_points_over_under",2023-12-17
"2023-12-16T05:15:08.892818","463a7b6c727f9f24045b70cb5365f112",11.5,17182,"Dereck Lively Ii","player_assists_points_over_under",2023-12-17
"2023-12-16T05:15:08.892840","463a7b6c727f9f24045b70cb5365f112",11.5,17206,"Derrick Jones Jr.","player_assists_points_over_under",2023-12-17
"2023-12-16T21:50:08.501032","463a7b6c727f9f24045b70cb5365f112",18.5,18750,"Dante Exum","player_assists_points_over_under",2023-12-17
"2023-12-16T14:50:15.987706","463a7b6c727f9f24045b70cb5365f112",16.5,1200,"Grant Williams","player_assists_points_rebounds_over_under",2023-12-17
"2023-12-16T14:50:15.988027","463a7b6c727f9f24045b70cb5365f112",31.5,16162,"Anfernee Simons","player_assists_points_rebounds_over_under",2023-12-17
"2023-12-16T14:50:15.987823","463a7b6c727f9f24045b70cb5365f112",54.5,17124,"Luka Doncic","player_assists_points_rebounds_over_under",2023-12-17
"2023-12-16T20:15:20.162081","463a7b6c727f9f24045b70cb5365f112",23.5,17129,"Tim Hardaway Jr.","player_assists_points_rebounds_over_under",2023-12-17
"2023-12-16T14:50:15.988188","463a7b6c727f9f24045b70cb5365f112",21.5,17182,"Dereck Lively Ii","player_assists_points_rebounds_over_under",2023-12-17
"2023-12-16T14:50:15.987914","463a7b6c727f9f24045b70cb5365f112",16.5,17206,"Derrick Jones Jr.","player_assists_points_rebounds_over_under",2023-12-17
"2023-12-16T14:50:15.988116","463a7b6c727f9f24045b70cb5365f112",23.5,18750,"Dante Exum","player_assists_points_rebounds_over_under",2023-12-17
"2023-12-16T17:25:08.392965","463a7b6c727f9f24045b70cb5365f112",7.5,16162,"Anfernee Simons","player_assists_rebounds_over_under",2023-12-17
"2023-12-16T15:40:10.637672","463a7b6c727f9f24045b70cb5365f112",10,17182,"Dereck Lively Ii","player_assists_rebounds_over_under",2023-12-17
"2023-12-16T15:40:10.637650","463a7b6c727f9f24045b70cb5365f112",9,18750,"Dante Exum","player_assists_rebounds_over_under",2023-12-17
"2023-12-16T22:50:08.701886","463a7b6c727f9f24045b70cb5365f112",0.5,379,"Deandre Ayton","player_blocks_over_under",2023-12-17
"2023-12-16T22:50:08.701931","463a7b6c727f9f24045b70cb5365f112",1.5,379,"Deandre Ayton","player_blocks_steals_over_under",2023-12-17
"2023-12-16T05:20:08.319854","463a7b6c727f9f24045b70cb5365f112",1.5,17206,"Derrick Jones Jr.","player_blocks_steals_over_under",2023-12-17
"2023-12-16T20:15:20.162128","463a7b6c727f9f24045b70cb5365f112",12.5,379,"Deandre Ayton","player_points_over_under",2023-12-17
"2023-12-16T14:50:15.987681","463a7b6c727f9f24045b70cb5365f112",10.5,1200,"Grant Williams","player_points_over_under",2023-12-17
"2023-12-16T14:50:15.988005","463a7b6c727f9f24045b70cb5365f112",24.5,16162,"Anfernee Simons","player_points_over_under",2023-12-17
"2023-12-16T14:50:15.987799","463a7b6c727f9f24045b70cb5365f112",34.5,17124,"Luka Doncic","player_points_over_under",2023-12-17
"2023-12-16T20:15:20.162057","463a7b6c727f9f24045b70cb5365f112",18.5,17129,"Tim Hardaway Jr.","player_points_over_under",2023-12-17
"2023-12-16T14:50:15.988164","463a7b6c727f9f24045b70cb5365f112",10.5,17182,"Dereck Lively Ii","player_points_over_under",2023-12-17
"2023-12-16T14:50:15.987891","463a7b6c727f9f24045b70cb5365f112",10.5,17206,"Derrick Jones Jr.","player_points_over_under",2023-12-17
"2023-12-16T14:50:15.988094","463a7b6c727f9f24045b70cb5365f112",15.5,18750,"Dante Exum","player_points_over_under",2023-12-17
"2023-12-17T01:40:08.149232","463a7b6c727f9f24045b70cb5365f112",24.5,379,"Deandre Ayton","player_points_rebounds_over_under",2023-12-17
"2023-12-16T05:10:08.339995","463a7b6c727f9f24045b70cb5365f112",14.5,1200,"Grant Williams","player_points_rebounds_over_under",2023-12-17
"2023-12-16T17:25:08.392987","463a7b6c727f9f24045b70cb5365f112",26.5,16162,"Anfernee Simons","player_points_rebounds_over_under",2023-12-17
"2023-12-16T05:10:08.340061","463a7b6c727f9f24045b70cb5365f112",43.5,17124,"Luka Doncic","player_points_rebounds_over_under",2023-12-17
"2023-12-16T22:50:08.702085","463a7b6c727f9f24045b70cb5365f112",22.5,17129,"Tim Hardaway Jr.","player_points_rebounds_over_under",2023-12-17
"2023-12-17T00:50:08.952319","463a7b6c727f9f24045b70cb5365f112",19.5,17182,"Dereck Lively Ii","player_points_rebounds_over_under",2023-12-17
"2023-12-16T14:50:07.837060","463a7b6c727f9f24045b70cb5365f112",15.5,17206,"Derrick Jones Jr.","player_points_rebounds_over_under",2023-12-17
"2023-12-16T22:05:09.265272","463a7b6c727f9f24045b70cb5365f112",19,18750,"Dante Exum","player_points_rebounds_over_under",2023-12-17
"2023-12-16T20:15:20.162105","463a7b6c727f9f24045b70cb5365f112",10.5,379,"Deandre Ayton","player_rebounds_over_under",2023-12-17
"2023-12-16T14:50:15.987936","463a7b6c727f9f24045b70cb5365f112",2.5,16162,"Anfernee Simons","player_rebounds_over_under",2023-12-17
"2023-12-16T14:50:15.987729","463a7b6c727f9f24045b70cb5365f112",8.5,17124,"Luka Doncic","player_rebounds_over_under",2023-12-17
"2023-12-16T14:50:15.988139","463a7b6c727f9f24045b70cb5365f112",9.5,17182,"Dereck Lively Ii","player_rebounds_over_under",2023-12-17
"2023-12-16T14:50:15.987847","463a7b6c727f9f24045b70cb5365f112",4.5,17206,"Derrick Jones Jr.","player_rebounds_over_under",2023-12-17
"2023-12-16T14:50:15.988049","463a7b6c727f9f24045b70cb5365f112",4.5,18750,"Dante Exum","player_rebounds_over_under",2023-12-17
"2023-12-16T14:50:15.987636","463a7b6c727f9f24045b70cb5365f112",0.5,1200,"Grant Williams","player_steals_over_under",2023-12-17
"2023-12-16T14:50:15.987582","463a7b6c727f9f24045b70cb5365f112",2.5,1200,"Grant Williams","player_threes_over_under",2023-12-17
"2023-12-16T14:50:15.987959","463a7b6c727f9f24045b70cb5365f112",3.5,16162,"Anfernee Simons","player_threes_over_under",2023-12-17
"2023-12-16T14:50:15.987752","463a7b6c727f9f24045b70cb5365f112",3.5,17124,"Luka Doncic","player_threes_over_under",2023-12-17
"2023-12-16T20:15:20.162026","463a7b6c727f9f24045b70cb5365f112",3.5,17129,"Tim Hardaway Jr.","player_threes_over_under",2023-12-17
"2023-12-16T14:50:15.987869","463a7b6c727f9f24045b70cb5365f112",1.5,17206,"Derrick Jones Jr.","player_threes_over_under",2023-12-17
"2023-12-16T14:50:15.988072","463a7b6c727f9f24045b70cb5365f112",1.5,18750,"Dante Exum","player_threes_over_under",2023-12-17
"2023-12-16T05:20:08.319926","463a7b6c727f9f24045b70cb5365f112",4.5,17124,"Luka Doncic","player_turnovers_over_under",2023-12-17
"2023-12-16T05:20:08.319818","463a7b6c727f9f24045b70cb5365f112",1.5,18750,"Dante Exum","player_turnovers_over_under",2023-12-17
"2023-12-16T14:50:15.990259","cd1855ca9e4f0f7ae041c0d545ef66d7",6.5,395,"De'Aaron Fox","player_assists_over_under",2023-12-17
"2023-12-16T14:50:15.990124","cd1855ca9e4f0f7ae041c0d545ef66d7",5.5,16318,"Collin Sexton","player_assists_over_under",2023-12-17
"2023-12-16T15:40:10.637739","cd1855ca9e4f0f7ae041c0d545ef66d7",37,395,"De'Aaron Fox","player_assists_points_over_under",2023-12-17
"2023-12-17T02:25:07.988705","cd1855ca9e4f0f7ae041c0d545ef66d7",25.5,396,"Malik Monk","player_assists_points_over_under",2023-12-17
"2023-12-17T02:25:07.988817","cd1855ca9e4f0f7ae041c0d545ef66d7",17.5,399,"Kevin Huerter","player_assists_points_over_under",2023-12-17
"2023-12-17T02:25:07.988572","cd1855ca9e4f0f7ae041c0d545ef66d7",31.5,400,"Domantas Sabonis","player_assists_points_over_under",2023-12-17
"2023-12-17T02:25:07.988638","cd1855ca9e4f0f7ae041c0d545ef66d7",19.5,407,"Keegan Murray","player_assists_points_over_under",2023-12-17
"2023-12-17T02:25:07.988683","cd1855ca9e4f0f7ae041c0d545ef66d7",14.5,415,"Harrison Barnes","player_assists_points_over_under",2023-12-17
"2023-12-17T02:45:08.523569","cd1855ca9e4f0f7ae041c0d545ef66d7",10.5,16316,"Walker Kessler","player_assists_points_over_under",2023-12-17
"2023-12-17T01:10:09.165921","cd1855ca9e4f0f7ae041c0d545ef66d7",26.5,16318,"Collin Sexton","player_assists_points_over_under",2023-12-17
"2023-12-17T01:10:09.166010","cd1855ca9e4f0f7ae041c0d545ef66d7",14.5,19012,"Simone Fontecchio","player_assists_points_over_under",2023-12-17
"2023-12-16T14:50:15.990323","cd1855ca9e4f0f7ae041c0d545ef66d7",40.5,395,"De'Aaron Fox","player_assists_points_rebounds_over_under",2023-12-17
"2023-12-16T14:50:15.990237","cd1855ca9e4f0f7ae041c0d545ef66d7",38.5,400,"Domantas Sabonis","player_assists_points_rebounds_over_under",2023-12-17
"2023-12-16T20:15:20.162332","cd1855ca9e4f0f7ae041c0d545ef66d7",23.5,16316,"Walker Kessler","player_assists_points_rebounds_over_under",2023-12-17
"2023-12-16T14:50:15.990169","cd1855ca9e4f0f7ae041c0d545ef66d7",29.5,16318,"Collin Sexton","player_assists_points_rebounds_over_under",2023-12-17
"2023-12-16T20:15:20.162242","cd1855ca9e4f0f7ae041c0d545ef66d7",19.5,19012,"Simone Fontecchio","player_assists_points_rebounds_over_under",2023-12-17
"2023-12-16T06:50:08.233516","cd1855ca9e4f0f7ae041c0d545ef66d7",10.5,395,"De'Aaron Fox","player_assists_rebounds_over_under",2023-12-17
"2023-12-17T02:25:07.988751","cd1855ca9e4f0f7ae041c0d545ef66d7",9.5,396,"Malik Monk","player_assists_rebounds_over_under",2023-12-17
"2023-12-17T02:25:07.988773","cd1855ca9e4f0f7ae041c0d545ef66d7",7.5,399,"Kevin Huerter","player_assists_rebounds_over_under",2023-12-17
"2023-12-17T02:25:07.988550","cd1855ca9e4f0f7ae041c0d545ef66d7",22.5,400,"Domantas Sabonis","player_assists_rebounds_over_under",2023-12-17
"2023-12-17T02:25:07.988617","cd1855ca9e4f0f7ae041c0d545ef66d7",7.5,407,"Keegan Murray","player_assists_rebounds_over_under",2023-12-17
"2023-12-17T02:40:08.346338","cd1855ca9e4f0f7ae041c0d545ef66d7",8.5,16318,"Collin Sexton","player_assists_rebounds_over_under",2023-12-17
"2023-12-15T22:35:14.926765","cd1855ca9e4f0f7ae041c0d545ef66d7",1.5,407,"Keegan Murray","player_blocks_steals_over_under",2023-12-17
"2023-12-16T14:50:15.990300","cd1855ca9e4f0f7ae041c0d545ef66d7",28.5,395,"De'Aaron Fox","player_points_over_under",2023-12-17
"2023-12-16T14:50:15.990214","cd1855ca9e4f0f7ae041c0d545ef66d7",19.5,400,"Domantas Sabonis","player_points_over_under",2023-12-17
"2023-12-16T14:50:15.990393","cd1855ca9e4f0f7ae041c0d545ef66d7",15.5,407,"Keegan Murray","player_points_over_under",2023-12-17
"2023-12-16T20:15:20.162310","cd1855ca9e4f0f7ae041c0d545ef66d7",11.5,16316,"Walker Kessler","player_points_over_under",2023-12-17
"2023-12-16T14:50:15.990146","cd1855ca9e4f0f7ae041c0d545ef66d7",21.5,16318,"Collin Sexton","player_points_over_under",2023-12-17
"2023-12-16T20:15:20.162219","cd1855ca9e4f0f7ae041c0d545ef66d7",13.5,19012,"Simone Fontecchio","player_points_over_under",2023-12-17
"2023-12-16T06:50:08.233661","cd1855ca9e4f0f7ae041c0d545ef66d7",33.5,395,"De'Aaron Fox","player_points_rebounds_over_under",2023-12-17
"2023-12-17T02:25:07.988729","cd1855ca9e4f0f7ae041c0d545ef66d7",21.5,396,"Malik Monk","player_points_rebounds_over_under",2023-12-17
"2023-12-17T02:25:07.988795","cd1855ca9e4f0f7ae041c0d545ef66d7",17.5,399,"Kevin Huerter","player_points_rebounds_over_under",2023-12-17
"2023-12-17T02:25:07.988528","cd1855ca9e4f0f7ae041c0d545ef66d7",35.5,400,"Domantas Sabonis","player_points_rebounds_over_under",2023-12-17
"2023-12-17T02:25:07.988595","cd1855ca9e4f0f7ae041c0d545ef66d7",23.5,407,"Keegan Murray","player_points_rebounds_over_under",2023-12-17
"2023-12-17T02:25:07.988661","cd1855ca9e4f0f7ae041c0d545ef66d7",16.5,415,"Harrison Barnes","player_points_rebounds_over_under",2023-12-17
"2023-12-17T02:45:08.523547","cd1855ca9e4f0f7ae041c0d545ef66d7",18.5,16316,"Walker Kessler","player_points_rebounds_over_under",2023-12-17
"2023-12-17T01:25:09.044460","cd1855ca9e4f0f7ae041c0d545ef66d7",24.5,16318,"Collin Sexton","player_points_rebounds_over_under",2023-12-17
"2023-12-16T23:45:09.662967","cd1855ca9e4f0f7ae041c0d545ef66d7",16.5,19012,"Simone Fontecchio","player_points_rebounds_over_under",2023-12-17
"2023-12-16T14:50:15.990191","cd1855ca9e4f0f7ae041c0d545ef66d7",12.5,400,"Domantas Sabonis","player_rebounds_over_under",2023-12-17
"2023-12-16T14:50:15.990348","cd1855ca9e4f0f7ae041c0d545ef66d7",5.5,407,"Keegan Murray","player_rebounds_over_under",2023-12-17
"2023-12-16T20:15:20.162265","cd1855ca9e4f0f7ae041c0d545ef66d7",9.5,16316,"Walker Kessler","player_rebounds_over_under",2023-12-17
"2023-12-16T20:15:20.162151","cd1855ca9e4f0f7ae041c0d545ef66d7",3.5,19012,"Simone Fontecchio","player_rebounds_over_under",2023-12-17
"2023-12-16T20:15:20.162287","cd1855ca9e4f0f7ae041c0d545ef66d7",0.5,16316,"Walker Kessler","player_steals_over_under",2023-12-17
"2023-12-16T20:15:20.162196","cd1855ca9e4f0f7ae041c0d545ef66d7",0.5,19012,"Simone Fontecchio","player_steals_over_under",2023-12-17
"2023-12-16T14:50:15.990371","cd1855ca9e4f0f7ae041c0d545ef66d7",2.5,407,"Keegan Murray","player_threes_over_under",2023-12-17
"2023-12-16T14:50:15.990101","cd1855ca9e4f0f7ae041c0d545ef66d7",1.5,16318,"Collin Sexton","player_threes_over_under",2023-12-17
"2023-12-16T20:15:20.162173","cd1855ca9e4f0f7ae041c0d545ef66d7",2.5,19012,"Simone Fontecchio","player_threes_over_under",2023-12-17
"2023-12-16T06:50:08.233626","cd1855ca9e4f0f7ae041c0d545ef66d7",2.5,395,"De'Aaron Fox","player_turnovers_over_under",2023-12-17
"2023-12-16T23:45:09.662769","cd1855ca9e4f0f7ae041c0d545ef66d7",1.5,16316,"Walker Kessler","player_turnovers_over_under",2023-12-17
"2023-12-16T06:50:08.233733","cd1855ca9e4f0f7ae041c0d545ef66d7",2.5,16318,"Collin Sexton","player_turnovers_over_under",2023-12-17
"2023-12-16T23:45:09.662856","cd1855ca9e4f0f7ae041c0d545ef66d7",1.5,19012,"Simone Fontecchio","player_turnovers_over_under",2023-12-17
"2023-12-16T20:15:20.162881","ff2d575869dccc9b1bafe118509d9cb9",5.5,461,"Julius Randle","player_assists_over_under",2023-12-17
"2023-12-16T20:15:20.162574","ff2d575869dccc9b1bafe118509d9cb9",8.5,836,"James Harden","player_assists_over_under",2023-12-17
"2023-12-16T20:15:20.162717","ff2d575869dccc9b1bafe118509d9cb9",3.5,16708,"Kawhi Leonard","player_assists_over_under",2023-12-17
"2023-12-16T19:25:08.763505","ff2d575869dccc9b1bafe118509d9cb9",31.5,376,"Jalen Brunson","player_assists_points_over_under",2023-12-17
"2023-12-17T02:20:09.682716","ff2d575869dccc9b1bafe118509d9cb9",19.5,378,"Rj Barrett","player_assists_points_over_under",2023-12-17
"2023-12-16T19:25:08.763676","ff2d575869dccc9b1bafe118509d9cb9",27.5,461,"Julius Randle","player_assists_points_over_under",2023-12-17
"2023-12-17T02:40:08.346866","ff2d575869dccc9b1bafe118509d9cb9",14.5,758,"Immanuel Quickley","player_assists_points_over_under",2023-12-17
"2023-12-17T01:55:08.503594","ff2d575869dccc9b1bafe118509d9cb9",24.5,836,"James Harden","player_assists_points_over_under",2023-12-17
"2023-12-17T01:55:08.503671","ff2d575869dccc9b1bafe118509d9cb9",29.5,16708,"Kawhi Leonard","player_assists_points_over_under",2023-12-17
"2023-12-17T02:40:08.346823","ff2d575869dccc9b1bafe118509d9cb9",24.5,16709,"Paul George","player_assists_points_over_under",2023-12-17
"2023-12-16T19:25:08.763700","ff2d575869dccc9b1bafe118509d9cb9",12.5,16763,"Ivica Zubac","player_assists_points_over_under",2023-12-17
"2023-12-16T20:15:20.162423","ff2d575869dccc9b1bafe118509d9cb9",35.5,376,"Jalen Brunson","player_assists_points_rebounds_over_under",2023-12-17
"2023-12-16T20:15:20.163060","ff2d575869dccc9b1bafe118509d9cb9",23.5,378,"Rj Barrett","player_assists_points_rebounds_over_under",2023-12-17
"2023-12-16T20:15:20.162948","ff2d575869dccc9b1bafe118509d9cb9",37.5,461,"Julius Randle","player_assists_points_rebounds_over_under",2023-12-17
"2023-12-16T20:15:20.162648","ff2d575869dccc9b1bafe118509d9cb9",32.5,836,"James Harden","player_assists_points_rebounds_over_under",2023-12-17
"2023-12-16T20:15:20.162787","ff2d575869dccc9b1bafe118509d9cb9",37.5,16708,"Kawhi Leonard","player_assists_points_rebounds_over_under",2023-12-17
"2023-12-16T20:15:20.162834","ff2d575869dccc9b1bafe118509d9cb9",21.5,16763,"Ivica Zubac","player_assists_points_rebounds_over_under",2023-12-17
"2023-12-16T19:25:08.763528","ff2d575869dccc9b1bafe118509d9cb9",9.5,376,"Jalen Brunson","player_assists_rebounds_over_under",2023-12-17
"2023-12-16T19:25:08.763616","ff2d575869dccc9b1bafe118509d9cb9",14,461,"Julius Randle","player_assists_rebounds_over_under",2023-12-17
"2023-12-17T02:55:08.041928","ff2d575869dccc9b1bafe118509d9cb9",13,836,"James Harden","player_assists_rebounds_over_under",2023-12-17
"2023-12-17T01:35:09.962756","ff2d575869dccc9b1bafe118509d9cb9",10,16708,"Kawhi Leonard","player_assists_rebounds_over_under",2023-12-17
"2023-12-17T02:40:08.346801","ff2d575869dccc9b1bafe118509d9cb9",9,16709,"Paul George","player_assists_rebounds_over_under",2023-12-17
"2023-12-17T02:00:10.830111","ff2d575869dccc9b1bafe118509d9cb9",9.5,16763,"Ivica Zubac","player_assists_rebounds_over_under",2023-12-17
"2023-12-16T20:15:20.162740","ff2d575869dccc9b1bafe118509d9cb9",0.5,16708,"Kawhi Leonard","player_blocks_over_under",2023-12-17
"2023-12-16T20:15:20.162401","ff2d575869dccc9b1bafe118509d9cb9",24.5,376,"Jalen Brunson","player_points_over_under",2023-12-17
"2023-12-16T20:15:20.163038","ff2d575869dccc9b1bafe118509d9cb9",17.5,378,"Rj Barrett","player_points_over_under",2023-12-17
"2023-12-16T20:15:20.162926","ff2d575869dccc9b1bafe118509d9cb9",23.5,461,"Julius Randle","player_points_over_under",2023-12-17
"2023-12-16T20:15:20.162606","ff2d575869dccc9b1bafe118509d9cb9",18.5,836,"James Harden","player_points_over_under",2023-12-17
"2023-12-16T20:15:20.162763","ff2d575869dccc9b1bafe118509d9cb9",28.5,16708,"Kawhi Leonard","player_points_over_under",2023-12-17
"2023-12-16T20:15:20.162810","ff2d575869dccc9b1bafe118509d9cb9",11.5,16763,"Ivica Zubac","player_points_over_under",2023-12-17
"2023-12-17T02:40:08.347001","ff2d575869dccc9b1bafe118509d9cb9",11.5,368,"Donte Divincenzo","player_points_rebounds_over_under",2023-12-17
"2023-12-16T19:20:09.018701","ff2d575869dccc9b1bafe118509d9cb9",28.5,376,"Jalen Brunson","player_points_rebounds_over_under",2023-12-17
"2023-12-16T19:20:09.018769","ff2d575869dccc9b1bafe118509d9cb9",21.5,378,"Rj Barrett","player_points_rebounds_over_under",2023-12-17
"2023-12-17T00:15:09.193511","ff2d575869dccc9b1bafe118509d9cb9",32,461,"Julius Randle","player_points_rebounds_over_under",2023-12-17
"2023-12-17T02:40:08.346935","ff2d575869dccc9b1bafe118509d9cb9",14.5,758,"Immanuel Quickley","player_points_rebounds_over_under",2023-12-17
"2023-12-17T02:40:08.346980","ff2d575869dccc9b1bafe118509d9cb9",13.5,764,"Josh Hart","player_points_rebounds_over_under",2023-12-17
"2023-12-17T01:55:08.503572","ff2d575869dccc9b1bafe118509d9cb9",21.5,836,"James Harden","player_points_rebounds_over_under",2023-12-17
"2023-12-17T02:00:10.830066","ff2d575869dccc9b1bafe118509d9cb9",32.5,16708,"Kawhi Leonard","player_points_rebounds_over_under",2023-12-17
"2023-12-17T02:40:08.346845","ff2d575869dccc9b1bafe118509d9cb9",26.5,16709,"Paul George","player_points_rebounds_over_under",2023-12-17
"2023-12-17T02:40:08.346958","ff2d575869dccc9b1bafe118509d9cb9",11.5,16945,"Terance Mann","player_points_rebounds_over_under",2023-12-17
"2023-12-16T20:15:20.162356","ff2d575869dccc9b1bafe118509d9cb9",3.5,376,"Jalen Brunson","player_rebounds_over_under",2023-12-17
"2023-12-16T20:15:20.162970","ff2d575869dccc9b1bafe118509d9cb9",3.5,378,"Rj Barrett","player_rebounds_over_under",2023-12-17
"2023-12-16T20:15:20.162462","ff2d575869dccc9b1bafe118509d9cb9",5.5,836,"James Harden","player_rebounds_over_under",2023-12-17
"2023-12-16T20:15:20.162672","ff2d575869dccc9b1bafe118509d9cb9",6.5,16708,"Kawhi Leonard","player_rebounds_over_under",2023-12-17
"2023-12-16T20:15:20.163015","ff2d575869dccc9b1bafe118509d9cb9",0.5,378,"Rj Barrett","player_steals_over_under",2023-12-17
"2023-12-16T20:15:20.162903","ff2d575869dccc9b1bafe118509d9cb9",0.5,461,"Julius Randle","player_steals_over_under",2023-12-17
"2023-12-16T20:15:20.162379","ff2d575869dccc9b1bafe118509d9cb9",2.5,376,"Jalen Brunson","player_threes_over_under",2023-12-17
"2023-12-16T20:15:20.162993","ff2d575869dccc9b1bafe118509d9cb9",1.5,378,"Rj Barrett","player_threes_over_under",2023-12-17
"2023-12-16T20:15:20.162858","ff2d575869dccc9b1bafe118509d9cb9",1.5,461,"Julius Randle","player_threes_over_under",2023-12-17
"2023-12-16T20:15:20.162549","ff2d575869dccc9b1bafe118509d9cb9",2.5,836,"James Harden","player_threes_over_under",2023-12-17
"2023-12-16T20:15:20.162695","ff2d575869dccc9b1bafe118509d9cb9",2.5,16708,"Kawhi Leonard","player_threes_over_under",2023-12-17
"2023-12-16T19:25:08.763769","ff2d575869dccc9b1bafe118509d9cb9",1.5,378,"Rj Barrett","player_turnovers_over_under",2023-12-17
"2023-12-17T14:55:16.163569","9aa961eca5393d5c74b94f189dcad134",3.5,765,"Jaylen Brown","player_assists_over_under",2023-12-17
"2023-12-17T14:55:16.164387","9aa961eca5393d5c74b94f189dcad134",4.5,766,"Derrick White","player_assists_over_under",2023-12-17
"2023-12-17T17:40:17.633658","9aa961eca5393d5c74b94f189dcad134",2.5,768,"Al Horford","player_assists_over_under",2023-12-17
"2023-12-17T14:55:16.164500","9aa961eca5393d5c74b94f189dcad134",4.5,16133,"Franz Wagner","player_assists_over_under",2023-12-17
"2023-12-17T14:55:16.163913","9aa961eca5393d5c74b94f189dcad134",1.5,16703,"Kristaps Porzingis","player_assists_over_under",2023-12-17
"2023-12-17T14:55:16.164196","9aa961eca5393d5c74b94f189dcad134",4.5,16704,"Jrue Holiday","player_assists_over_under",2023-12-17
"2023-12-17T17:15:09.748343","9aa961eca5393d5c74b94f189dcad134",24,765,"Jaylen Brown","player_assists_points_over_under",2023-12-17
"2023-12-17T20:10:08.865587","9aa961eca5393d5c74b94f189dcad134",20,766,"Derrick White","player_assists_points_over_under",2023-12-17
"2023-12-17T02:55:08.041442","9aa961eca5393d5c74b94f189dcad134",31.5,771,"Jayson Tatum","player_assists_points_over_under",2023-12-17
"2023-12-17T02:55:08.041465","9aa961eca5393d5c74b94f189dcad134",26.5,16132,"Paolo Banchero","player_assists_points_over_under",2023-12-17
"2023-12-17T19:20:08.653192","9aa961eca5393d5c74b94f189dcad134",26,16133,"Franz Wagner","player_assists_points_over_under",2023-12-17
"2023-12-17T19:15:10.317881","9aa961eca5393d5c74b94f189dcad134",13.5,16702,"Jalen Suggs","player_assists_points_over_under",2023-12-17
"2023-12-17T02:55:08.041508","9aa961eca5393d5c74b94f189dcad134",20.5,16703,"Kristaps Porzingis","player_assists_points_over_under",2023-12-17
"2023-12-17T02:55:08.041487","9aa961eca5393d5c74b94f189dcad134",16.5,16704,"Jrue Holiday","player_assists_points_over_under",2023-12-17
"2023-12-17T20:00:10.081884","9aa961eca5393d5c74b94f189dcad134",17.5,17116,"Cole Anthony","player_assists_points_over_under",2023-12-17
"2023-12-17T16:50:08.801341","9aa961eca5393d5c74b94f189dcad134",11.5,17851,"Goga Bitadze","player_assists_points_over_under",2023-12-17
"2023-12-17T14:55:16.163684","9aa961eca5393d5c74b94f189dcad134",29.5,765,"Jaylen Brown","player_assists_points_rebounds_over_under",2023-12-17
"2023-12-17T14:55:16.164442","9aa961eca5393d5c74b94f189dcad134",23.5,766,"Derrick White","player_assists_points_rebounds_over_under",2023-12-17
"2023-12-17T17:40:17.633756","9aa961eca5393d5c74b94f189dcad134",15.5,768,"Al Horford","player_assists_points_rebounds_over_under",2023-12-17
"2023-12-17T14:55:16.163848","9aa961eca5393d5c74b94f189dcad134",40.5,771,"Jayson Tatum","player_assists_points_rebounds_over_under",2023-12-17
"2023-12-17T14:55:16.164752","9aa961eca5393d5c74b94f189dcad134",34.5,16132,"Paolo Banchero","player_assists_points_rebounds_over_under",2023-12-17
"2023-12-17T14:55:16.164597","9aa961eca5393d5c74b94f189dcad134",31.5,16133,"Franz Wagner","player_assists_points_rebounds_over_under",2023-12-17
"2023-12-17T14:55:16.163994","9aa961eca5393d5c74b94f189dcad134",27.5,16703,"Kristaps Porzingis","player_assists_points_rebounds_over_under",2023-12-17
"2023-12-17T14:55:16.164286","9aa961eca5393d5c74b94f189dcad134",22.5,16704,"Jrue Holiday","player_assists_points_rebounds_over_under",2023-12-17
"2023-12-17T17:40:17.633820","9aa961eca5393d5c74b94f189dcad134",10.5,17155,"Payton Pritchard","player_assists_points_rebounds_over_under",2023-12-17
"2023-12-17T14:55:16.164102","9aa961eca5393d5c74b94f189dcad134",18.5,17851,"Goga Bitadze","player_assists_points_rebounds_over_under",2023-12-17
"2023-12-17T17:40:17.634029","9aa961eca5393d5c74b94f189dcad134",11.5,17964,"Sam Hauser","player_assists_points_rebounds_over_under",2023-12-17
"2023-12-17T13:55:08.933383","9aa961eca5393d5c74b94f189dcad134",8.5,765,"Jaylen Brown","player_assists_rebounds_over_under",2023-12-17
"2023-12-17T15:10:09.390737","9aa961eca5393d5c74b94f189dcad134",8,766,"Derrick White","player_assists_rebounds_over_under",2023-12-17
"2023-12-17T17:50:08.924324","9aa961eca5393d5c74b94f189dcad134",8.5,768,"Al Horford","player_assists_rebounds_over_under",2023-12-17
"2023-12-17T15:10:09.390763","9aa961eca5393d5c74b94f189dcad134",13.5,771,"Jayson Tatum","player_assists_rebounds_over_under",2023-12-17
"2023-12-17T03:00:09.348601","9aa961eca5393d5c74b94f189dcad134",11.5,16132,"Paolo Banchero","player_assists_rebounds_over_under",2023-12-17
"2023-12-17T03:00:09.348555","9aa961eca5393d5c74b94f189dcad134",9.5,16133,"Franz Wagner","player_assists_rebounds_over_under",2023-12-17
"2023-12-17T03:00:09.348624","9aa961eca5393d5c74b94f189dcad134",8.5,16703,"Kristaps Porzingis","player_assists_rebounds_over_under",2023-12-17
"2023-12-17T15:10:09.390786","9aa961eca5393d5c74b94f189dcad134",10,16704,"Jrue Holiday","player_assists_rebounds_over_under",2023-12-17
"2023-12-17T20:00:10.081926","9aa961eca5393d5c74b94f189dcad134",7.5,17116,"Cole Anthony","player_assists_rebounds_over_under",2023-12-17
"2023-12-17T13:50:08.917357","9aa961eca5393d5c74b94f189dcad134",9,17851,"Goga Bitadze","player_assists_rebounds_over_under",2023-12-17
"2023-12-17T14:55:16.163604","9aa961eca5393d5c74b94f189dcad134",0.5,765,"Jaylen Brown","player_blocks_over_under",2023-12-17
"2023-12-17T14:55:16.163772","9aa961eca5393d5c74b94f189dcad134",0.5,771,"Jayson Tatum","player_blocks_over_under",2023-12-17
"2023-12-17T14:55:16.163940","9aa961eca5393d5c74b94f189dcad134",1.5,16703,"Kristaps Porzingis","player_blocks_over_under",2023-12-17
"2023-12-17T14:55:16.164231","9aa961eca5393d5c74b94f189dcad134",0.5,16704,"Jrue Holiday","player_blocks_over_under",2023-12-17
"2023-12-17T17:50:08.923650","9aa961eca5393d5c74b94f189dcad134",1.5,768,"Al Horford","player_blocks_steals_over_under",2023-12-17
"2023-12-17T03:15:09.471827","9aa961eca5393d5c74b94f189dcad134",1.5,771,"Jayson Tatum","player_blocks_steals_over_under",2023-12-17
"2023-12-17T19:15:10.317955","9aa961eca5393d5c74b94f189dcad134",1.5,16702,"Jalen Suggs","player_blocks_steals_over_under",2023-12-17
"2023-12-17T03:15:09.471894","9aa961eca5393d5c74b94f189dcad134",2.5,16703,"Kristaps Porzingis","player_blocks_steals_over_under",2023-12-17
"2023-12-17T03:15:09.471871","9aa961eca5393d5c74b94f189dcad134",1.5,16704,"Jrue Holiday","player_blocks_steals_over_under",2023-12-17
"2023-12-17T14:55:16.163632","9aa961eca5393d5c74b94f189dcad134",19.5,765,"Jaylen Brown","player_points_over_under",2023-12-17
"2023-12-17T14:55:16.164414","9aa961eca5393d5c74b94f189dcad134",14.5,766,"Derrick White","player_points_over_under",2023-12-17
"2023-12-17T17:40:17.633724","9aa961eca5393d5c74b94f189dcad134",6.5,768,"Al Horford","player_points_over_under",2023-12-17
"2023-12-17T14:55:16.163798","9aa961eca5393d5c74b94f189dcad134",27.5,771,"Jayson Tatum","player_points_over_under",2023-12-17
"2023-12-17T14:55:16.164728","9aa961eca5393d5c74b94f189dcad134",22.5,16132,"Paolo Banchero","player_points_over_under",2023-12-17
"2023-12-17T14:55:16.164548","9aa961eca5393d5c74b94f189dcad134",22.5,16133,"Franz Wagner","player_points_over_under",2023-12-17
"2023-12-17T17:40:17.633914","9aa961eca5393d5c74b94f189dcad134",10.5,16702,"Jalen Suggs","player_points_over_under",2023-12-17
"2023-12-17T14:55:16.163967","9aa961eca5393d5c74b94f189dcad134",19.5,16703,"Kristaps Porzingis","player_points_over_under",2023-12-17
"2023-12-17T14:55:16.164258","9aa961eca5393d5c74b94f189dcad134",12.5,16704,"Jrue Holiday","player_points_over_under",2023-12-17
"2023-12-17T17:40:17.633789","9aa961eca5393d5c74b94f189dcad134",5.5,17155,"Payton Pritchard","player_points_over_under",2023-12-17
"2023-12-17T14:55:16.164075","9aa961eca5393d5c74b94f189dcad134",9.5,17851,"Goga Bitadze","player_points_over_under",2023-12-17
"2023-12-17T17:40:17.633998","9aa961eca5393d5c74b94f189dcad134",8.5,17964,"Sam Hauser","player_points_over_under",2023-12-17
"2023-12-17T02:45:08.523318","9aa961eca5393d5c74b94f189dcad134",24.5,765,"Jaylen Brown","player_points_rebounds_over_under",2023-12-17
"2023-12-17T02:45:08.523273","9aa961eca5393d5c74b94f189dcad134",18.5,766,"Derrick White","player_points_rebounds_over_under",2023-12-17
"2023-12-17T20:10:08.865609","9aa961eca5393d5c74b94f189dcad134",13,768,"Al Horford","player_points_rebounds_over_under",2023-12-17
"2023-12-17T02:45:08.523367","9aa961eca5393d5c74b94f189dcad134",36.5,771,"Jayson Tatum","player_points_rebounds_over_under",2023-12-17
"2023-12-17T02:45:08.523404","9aa961eca5393d5c74b94f189dcad134",29.5,16132,"Paolo Banchero","player_points_rebounds_over_under",2023-12-17
"2023-12-17T19:35:09.100031","9aa961eca5393d5c74b94f189dcad134",27,16133,"Franz Wagner","player_points_rebounds_over_under",2023-12-17
"2023-12-17T19:15:10.317913","9aa961eca5393d5c74b94f189dcad134",13.5,16702,"Jalen Suggs","player_points_rebounds_over_under",2023-12-17
"2023-12-17T02:45:08.523479","9aa961eca5393d5c74b94f189dcad134",25.5,16703,"Kristaps Porzingis","player_points_rebounds_over_under",2023-12-17
"2023-12-17T20:00:10.081637","9aa961eca5393d5c74b94f189dcad134",18,16704,"Jrue Holiday","player_points_rebounds_over_under",2023-12-17
"2023-12-17T20:00:10.081843","9aa961eca5393d5c74b94f189dcad134",17.5,17116,"Cole Anthony","player_points_rebounds_over_under",2023-12-17
"2023-12-17T18:30:09.983810","9aa961eca5393d5c74b94f189dcad134",17,17851,"Goga Bitadze","player_points_rebounds_over_under",2023-12-17
"2023-12-17T17:45:09.231346","9aa961eca5393d5c74b94f189dcad134",11,17964,"Sam Hauser","player_points_rebounds_over_under",2023-12-17
"2023-12-17T14:55:16.163434","9aa961eca5393d5c74b94f189dcad134",4.5,765,"Jaylen Brown","player_rebounds_over_under",2023-12-17
"2023-12-17T14:55:16.164320","9aa961eca5393d5c74b94f189dcad134",3.5,766,"Derrick White","player_rebounds_over_under",2023-12-17
"2023-12-17T14:55:16.163718","9aa961eca5393d5c74b94f189dcad134",8.5,771,"Jayson Tatum","player_rebounds_over_under",2023-12-17
"2023-12-17T14:55:16.164647","9aa961eca5393d5c74b94f189dcad134",6.5,16132,"Paolo Banchero","player_rebounds_over_under",2023-12-17
"2023-12-17T17:40:17.633852","9aa961eca5393d5c74b94f189dcad134",3.5,16702,"Jalen Suggs","player_rebounds_over_under",2023-12-17
"2023-12-17T14:55:16.163885","9aa961eca5393d5c74b94f189dcad134",6.5,16703,"Kristaps Porzingis","player_rebounds_over_under",2023-12-17
"2023-12-17T14:55:16.164130","9aa961eca5393d5c74b94f189dcad134",5.5,16704,"Jrue Holiday","player_rebounds_over_under",2023-12-17
"2023-12-17T14:55:16.164021","9aa961eca5393d5c74b94f189dcad134",7.5,17851,"Goga Bitadze","player_rebounds_over_under",2023-12-17
"2023-12-17T17:40:17.633691","9aa961eca5393d5c74b94f189dcad134",0.5,768,"Al Horford","player_steals_over_under",2023-12-17
"2023-12-17T14:55:16.164048","9aa961eca5393d5c74b94f189dcad134",0.5,17851,"Goga Bitadze","player_steals_over_under",2023-12-17
"2023-12-17T14:55:16.163503","9aa961eca5393d5c74b94f189dcad134",1.5,765,"Jaylen Brown","player_threes_over_under",2023-12-17
"2023-12-17T14:55:16.164359","9aa961eca5393d5c74b94f189dcad134",2.5,766,"Derrick White","player_threes_over_under",2023-12-17
"2023-12-17T17:40:17.633619","9aa961eca5393d5c74b94f189dcad134",1.5,768,"Al Horford","player_threes_over_under",2023-12-17
"2023-12-17T14:55:16.163746","9aa961eca5393d5c74b94f189dcad134",3.5,771,"Jayson Tatum","player_threes_over_under",2023-12-17
"2023-12-17T14:55:16.164697","9aa961eca5393d5c74b94f189dcad134",1.5,16132,"Paolo Banchero","player_threes_over_under",2023-12-17
"2023-12-17T14:55:16.164470","9aa961eca5393d5c74b94f189dcad134",1.5,16133,"Franz Wagner","player_threes_over_under",2023-12-17
"2023-12-17T17:40:17.633882","9aa961eca5393d5c74b94f189dcad134",1.5,16702,"Jalen Suggs","player_threes_over_under",2023-12-17
"2023-12-17T14:55:16.164157","9aa961eca5393d5c74b94f189dcad134",1.5,16704,"Jrue Holiday","player_threes_over_under",2023-12-17
"2023-12-17T17:40:17.633965","9aa961eca5393d5c74b94f189dcad134",2.5,17964,"Sam Hauser","player_threes_over_under",2023-12-17
"2023-12-17T03:15:09.471849","9aa961eca5393d5c74b94f189dcad134",3.5,16132,"Paolo Banchero","player_turnovers_over_under",2023-12-17
"2023-12-17T19:15:10.317859","9aa961eca5393d5c74b94f189dcad134",1.5,16702,"Jalen Suggs","player_turnovers_over_under",2023-12-17
"2023-12-17T14:55:16.165140","74dd88e4d731e373563496208fce855b",4.5,16149,"Zion Williamson","player_assists_over_under",2023-12-17
"2023-12-17T14:55:16.164969","74dd88e4d731e373563496208fce855b",5.5,16150,"Brandon Ingram","player_assists_over_under",2023-12-17
"2023-12-17T14:55:16.165256","74dd88e4d731e373563496208fce855b",5.5,16151,"Cj Mccollum","player_assists_over_under",2023-12-17
"2023-12-17T14:55:16.164824","74dd88e4d731e373563496208fce855b",2.5,16152,"Jonas Valanciunas","player_assists_over_under",2023-12-17
"2023-12-17T14:55:16.165973","74dd88e4d731e373563496208fce855b",3.5,16259,"Jeremy Sochan","player_assists_over_under",2023-12-17
"2023-12-17T14:55:16.165484","74dd88e4d731e373563496208fce855b",4.5,16554,"Keldon Johnson","player_assists_over_under",2023-12-17
"2023-12-17T14:55:16.165760","74dd88e4d731e373563496208fce855b",2.5,16936,"Herbert Jones","player_assists_over_under",2023-12-17
"2023-12-17T17:45:09.232297","74dd88e4d731e373563496208fce855b",27.5,16149,"Zion Williamson","player_assists_points_over_under",2023-12-17
"2023-12-17T20:20:09.819471","74dd88e4d731e373563496208fce855b",28,16150,"Brandon Ingram","player_assists_points_over_under",2023-12-17
"2023-12-17T17:15:09.748387","74dd88e4d731e373563496208fce855b",23.5,16151,"Cj Mccollum","player_assists_points_over_under",2023-12-17
"2023-12-17T17:35:08.807327","74dd88e4d731e373563496208fce855b",18,16152,"Jonas Valanciunas","player_assists_points_over_under",2023-12-17
"2023-12-17T20:15:09.475345","74dd88e4d731e373563496208fce855b",24.5,16257,"Victor Wembanyama","player_assists_points_over_under",2023-12-17
"2023-12-17T18:05:09.046313","74dd88e4d731e373563496208fce855b",22,16258,"Devin Vassell","player_assists_points_over_under",2023-12-17
"2023-12-17T18:00:10.425867","74dd88e4d731e373563496208fce855b",14.5,16259,"Jeremy Sochan","player_assists_points_over_under",2023-12-17
"2023-12-17T20:10:08.866659","74dd88e4d731e373563496208fce855b",13,16260,"Tre Jones","player_assists_points_over_under",2023-12-17
"2023-12-17T18:05:09.046382","74dd88e4d731e373563496208fce855b",23,16554,"Keldon Johnson","player_assists_points_over_under",2023-12-17
"2023-12-17T20:05:08.739720","74dd88e4d731e373563496208fce855b",11.5,16733,"Zach Collins","player_assists_points_over_under",2023-12-17
"2023-12-17T05:25:08.003141","74dd88e4d731e373563496208fce855b",12.5,16936,"Herbert Jones","player_assists_points_over_under",2023-12-17
"2023-12-17T05:25:08.003256","74dd88e4d731e373563496208fce855b",13.5,17202,"Malaki Branham","player_assists_points_over_under",2023-12-17
"2023-12-17T17:55:09.166405","74dd88e4d731e373563496208fce855b",15.5,19344,"Trey Murphy Iii","player_assists_points_over_under",2023-12-17
"2023-12-17T14:55:16.165209","74dd88e4d731e373563496208fce855b",33.5,16149,"Zion Williamson","player_assists_points_rebounds_over_under",2023-12-17
"2023-12-17T14:55:16.165053","74dd88e4d731e373563496208fce855b",32.5,16150,"Brandon Ingram","player_assists_points_rebounds_over_under",2023-12-17
"2023-12-17T14:55:16.165340","74dd88e4d731e373563496208fce855b",26.5,16151,"Cj Mccollum","player_assists_points_rebounds_over_under",2023-12-17
"2023-12-17T14:55:16.164897","74dd88e4d731e373563496208fce855b",29.5,16152,"Jonas Valanciunas","player_assists_points_rebounds_over_under",2023-12-17
"2023-12-17T14:55:16.166519","74dd88e4d731e373563496208fce855b",36.5,16257,"Victor Wembanyama","player_assists_points_rebounds_over_under",2023-12-17
"2023-12-17T14:55:16.165718","74dd88e4d731e373563496208fce855b",26.5,16258,"Devin Vassell","player_assists_points_rebounds_over_under",2023-12-17
"2023-12-17T14:55:16.166090","74dd88e4d731e373563496208fce855b",20.5,16259,"Jeremy Sochan","player_assists_points_rebounds_over_under",2023-12-17
"2023-12-17T14:55:16.165584","74dd88e4d731e373563496208fce855b",29.5,16554,"Keldon Johnson","player_assists_points_rebounds_over_under",2023-12-17
"2023-12-17T14:55:16.165889","74dd88e4d731e373563496208fce855b",16.5,16936,"Herbert Jones","player_assists_points_rebounds_over_under",2023-12-17
"2023-12-17T14:55:16.166241","74dd88e4d731e373563496208fce855b",16.5,17202,"Malaki Branham","player_assists_points_rebounds_over_under",2023-12-17
"2023-12-17T17:45:09.232371","74dd88e4d731e373563496208fce855b",11,16149,"Zion Williamson","player_assists_rebounds_over_under",2023-12-17
"2023-12-17T17:40:09.735710","74dd88e4d731e373563496208fce855b",10.5,16150,"Brandon Ingram","player_assists_rebounds_over_under",2023-12-17
"2023-12-17T20:15:09.475300","74dd88e4d731e373563496208fce855b",9.5,16151,"Cj Mccollum","player_assists_rebounds_over_under",2023-12-17
"2023-12-17T17:15:09.748409","74dd88e4d731e373563496208fce855b",14.5,16152,"Jonas Valanciunas","player_assists_rebounds_over_under",2023-12-17
"2023-12-17T19:45:13.895391","74dd88e4d731e373563496208fce855b",14.5,16257,"Victor Wembanyama","player_assists_rebounds_over_under",2023-12-17
"2023-12-17T05:25:08.003009","74dd88e4d731e373563496208fce855b",7.5,16258,"Devin Vassell","player_assists_rebounds_over_under",2023-12-17
"2023-12-17T18:05:09.046337","74dd88e4d731e373563496208fce855b",9,16259,"Jeremy Sochan","player_assists_rebounds_over_under",2023-12-17
"2023-12-17T20:10:08.866726","74dd88e4d731e373563496208fce855b",8,16260,"Tre Jones","player_assists_rebounds_over_under",2023-12-17
"2023-12-17T05:25:08.003163","74dd88e4d731e373563496208fce855b",10.5,16554,"Keldon Johnson","player_assists_rebounds_over_under",2023-12-17
"2023-12-17T14:55:16.166343","74dd88e4d731e373563496208fce855b",2.5,16257,"Victor Wembanyama","player_blocks_over_under",2023-12-17
"2023-12-17T05:35:08.248703","74dd88e4d731e373563496208fce855b",2.5,16936,"Herbert Jones","player_blocks_steals_over_under",2023-12-17
"2023-12-17T14:55:16.165181","74dd88e4d731e373563496208fce855b",21.5,16149,"Zion Williamson","player_points_over_under",2023-12-17
"2023-12-17T14:55:16.165009","74dd88e4d731e373563496208fce855b",22.5,16150,"Brandon Ingram","player_points_over_under",2023-12-17
"2023-12-17T14:55:16.165296","74dd88e4d731e373563496208fce855b",17.5,16151,"Cj Mccollum","player_points_over_under",2023-12-17
"2023-12-17T14:55:16.164849","74dd88e4d731e373563496208fce855b",15.5,16152,"Jonas Valanciunas","player_points_over_under",2023-12-17
"2023-12-17T14:55:16.166474","74dd88e4d731e373563496208fce855b",21.5,16257,"Victor Wembanyama","player_points_over_under",2023-12-17
"2023-12-17T14:55:16.165676","74dd88e4d731e373563496208fce855b",19.5,16258,"Devin Vassell","player_points_over_under",2023-12-17
"2023-12-17T14:55:16.166045","74dd88e4d731e373563496208fce855b",10.5,16259,"Jeremy Sochan","player_points_over_under",2023-12-17
"2023-12-17T14:55:16.165533","74dd88e4d731e373563496208fce855b",17.5,16554,"Keldon Johnson","player_points_over_under",2023-12-17
"2023-12-17T14:55:16.165847","74dd88e4d731e373563496208fce855b",9.5,16936,"Herbert Jones","player_points_over_under",2023-12-17
"2023-12-17T14:55:16.166215","74dd88e4d731e373563496208fce855b",10.5,17202,"Malaki Branham","player_points_over_under",2023-12-17
"2023-12-17T17:45:09.232393","74dd88e4d731e373563496208fce855b",30,16149,"Zion Williamson","player_points_rebounds_over_under",2023-12-17
"2023-12-17T17:40:09.735781","74dd88e4d731e373563496208fce855b",28,16150,"Brandon Ingram","player_points_rebounds_over_under",2023-12-17
"2023-12-17T05:20:08.069559","74dd88e4d731e373563496208fce855b",21.5,16151,"Cj Mccollum","player_points_rebounds_over_under",2023-12-17
"2023-12-17T17:35:08.807306","74dd88e4d731e373563496208fce855b",27.5,16152,"Jonas Valanciunas","player_points_rebounds_over_under",2023-12-17
"2023-12-17T19:55:08.581605","74dd88e4d731e373563496208fce855b",34,16257,"Victor Wembanyama","player_points_rebounds_over_under",2023-12-17
"2023-12-17T18:05:09.045576","74dd88e4d731e373563496208fce855b",22,16258,"Devin Vassell","player_points_rebounds_over_under",2023-12-17
"2023-12-17T05:20:08.069580","74dd88e4d731e373563496208fce855b",16.5,16259,"Jeremy Sochan","player_points_rebounds_over_under",2023-12-17
"2023-12-17T20:10:08.866748","74dd88e4d731e373563496208fce855b",10.5,16260,"Tre Jones","player_points_rebounds_over_under",2023-12-17
"2023-12-17T18:05:09.046404","74dd88e4d731e373563496208fce855b",23.5,16554,"Keldon Johnson","player_points_rebounds_over_under",2023-12-17
"2023-12-17T20:05:08.739847","74dd88e4d731e373563496208fce855b",14.5,16733,"Zach Collins","player_points_rebounds_over_under",2023-12-17
"2023-12-17T18:05:09.046360","74dd88e4d731e373563496208fce855b",14.5,16936,"Herbert Jones","player_points_rebounds_over_under",2023-12-17
"2023-12-17T05:20:08.069668","74dd88e4d731e373563496208fce855b",12.5,17202,"Malaki Branham","player_points_rebounds_over_under",2023-12-17
"2023-12-17T17:55:09.167073","74dd88e4d731e373563496208fce855b",17.5,19344,"Trey Murphy Iii","player_points_rebounds_over_under",2023-12-17
"2023-12-17T14:55:16.165095","74dd88e4d731e373563496208fce855b",6.5,16149,"Zion Williamson","player_rebounds_over_under",2023-12-17
"2023-12-17T14:55:16.164942","74dd88e4d731e373563496208fce855b",4.5,16150,"Brandon Ingram","player_rebounds_over_under",2023-12-17
"2023-12-17T14:55:16.164776","74dd88e4d731e373563496208fce855b",11.5,16152,"Jonas Valanciunas","player_rebounds_over_under",2023-12-17
"2023-12-17T14:55:16.166285","74dd88e4d731e373563496208fce855b",12.5,16257,"Victor Wembanyama","player_rebounds_over_under",2023-12-17
"2023-12-17T14:55:16.165632","74dd88e4d731e373563496208fce855b",3.5,16258,"Devin Vassell","player_rebounds_over_under",2023-12-17
"2023-12-17T14:55:16.165930","74dd88e4d731e373563496208fce855b",5.5,16259,"Jeremy Sochan","player_rebounds_over_under",2023-12-17
"2023-12-17T14:55:16.165388","74dd88e4d731e373563496208fce855b",5.5,16554,"Keldon Johnson","player_rebounds_over_under",2023-12-17
"2023-12-17T14:55:16.166140","74dd88e4d731e373563496208fce855b",2.5,17202,"Malaki Branham","player_rebounds_over_under",2023-12-17
"2023-12-17T14:55:16.165998","74dd88e4d731e373563496208fce855b",0.5,16259,"Jeremy Sochan","player_steals_over_under",2023-12-17
"2023-12-17T14:55:16.165804","74dd88e4d731e373563496208fce855b",1.5,16936,"Herbert Jones","player_steals_over_under",2023-12-17
"2023-12-17T14:55:16.166191","74dd88e4d731e373563496208fce855b",0.5,17202,"Malaki Branham","player_steals_over_under",2023-12-17
"2023-12-17T14:55:16.165232","74dd88e4d731e373563496208fce855b",2.5,16151,"Cj Mccollum","player_threes_over_under",2023-12-17
"2023-12-17T14:55:16.164801","74dd88e4d731e373563496208fce855b",0.5,16152,"Jonas Valanciunas","player_threes_over_under",2023-12-17
"2023-12-17T14:55:16.166319","74dd88e4d731e373563496208fce855b",1.5,16257,"Victor Wembanyama","player_threes_over_under",2023-12-17
"2023-12-17T14:55:16.165436","74dd88e4d731e373563496208fce855b",2.5,16554,"Keldon Johnson","player_threes_over_under",2023-12-17
"2023-12-17T14:55:16.166168","74dd88e4d731e373563496208fce855b",1.5,17202,"Malaki Branham","player_threes_over_under",2023-12-17
"2023-12-17T05:35:08.248748","74dd88e4d731e373563496208fce855b",2.5,16149,"Zion Williamson","player_turnovers_over_under",2023-12-17
"2023-12-17T05:35:08.248726","74dd88e4d731e373563496208fce855b",1.5,16554,"Keldon Johnson","player_turnovers_over_under",2023-12-17
