Player_ID,Name,Position,Team,Opponent,Line_Score,Stat_Type,Game_ID,Start_Time
184377,Alperen Sengun + Jaylen Brown,C/F,HOU/BOS,BOS/HOU,46.5,Points (Combo),e40f5e45-535d-48c0-9dfd-fa07d3a143be,2024-01-13T19:00:00.000-05:00
184378,Alperen Sengun + Jayson Tatum,C/F,HOU/BOS,BOS/HOU,17.5,Rebounds (Combo),e40f5e45-535d-48c0-9dfd-fa07d3a143be,2024-01-13T19:00:00.000-05:00
184379,Fred VanVleet + Derrick White,G,HOU/BOS,BOS/HOU,12.5,Assists (Combo),e40f5e45-535d-48c0-9dfd-fa07d3a143be,2024-01-13T19:00:00.000-05:00
184380,Fred VanVleet + Jayson Tatum,G/F,HOU/BOS,BOS/HOU,6,3-PT Made (Combo),e40f5e45-535d-48c0-9dfd-fa07d3a143be,2024-01-13T19:00:00.000-05:00
181883,Trae Young + Fred VanVleet,G,ATL/HOU,WAS/BOS,18.5,Assists (Combo),,2024-01-13T19:00:00.000-05:00
55716,Alperen Sengun,C,HOU,BOS,4,Free Throws Made,e40f5e45-535d-48c0-9dfd-fa07d3a143be,2024-01-13T19:10:00.000-05:00
55716,Alperen Sengun,C,HOU,BOS,8.5,Rebounds,e40f5e45-535d-48c0-9dfd-fa07d3a143be,2024-01-13T19:10:00.000-05:00
55716,Alperen Sengun,C,HOU,BOS,1.5,Blks+Stls,e40f5e45-535d-48c0-9dfd-fa07d3a143be,2024-01-13T19:10:00.000-05:00
55716,Alperen Sengun,C,HOU,BOS,12.5,Rebs+Asts,e40f5e45-535d-48c0-9dfd-fa07d3a143be,2024-01-13T19:10:00.000-05:00
55716,Alperen Sengun,C,HOU,BOS,24.5,Pts+Asts,e40f5e45-535d-48c0-9dfd-fa07d3a143be,2024-01-13T19:10:00.000-05:00
55716,Alperen Sengun,C,HOU,BOS,21,Points,e40f5e45-535d-48c0-9dfd-fa07d3a143be,2024-01-13T19:10:00.000-05:00
55716,Alperen Sengun,C,HOU,BOS,6,Defensive Rebounds,e40f5e45-535d-48c0-9dfd-fa07d3a143be,2024-01-13T19:10:00.000-05:00
55716,Alperen Sengun,C,HOU,BOS,29.5,Pts+Rebs,e40f5e45-535d-48c0-9dfd-fa07d3a143be,2024-01-13T19:10:00.000-05:00
55716,Alperen Sengun,C,HOU,BOS,16.5,FG Attempted,e40f5e45-535d-48c0-9dfd-fa07d3a143be,2024-01-13T19:10:00.000-05:00
55716,Alperen Sengun,C,HOU,BOS,33.5,Pts+Rebs+Asts,e40f5e45-535d-48c0-9dfd-fa07d3a143be,2024-01-13T19:10:00.000-05:00
55716,Alperen Sengun,C,HOU,BOS,40,Fantasy Score,e40f5e45-535d-48c0-9dfd-fa07d3a143be,2024-01-13T19:10:00.000-05:00
60021,Derrick White,G,BOS,HOU,21.5,Pts+Rebs+Asts,e40f5e45-535d-48c0-9dfd-fa07d3a143be,2024-01-13T19:10:00.000-05:00
60021,Derrick White,G,BOS,HOU,8.5,Rebs+Asts,e40f5e45-535d-48c0-9dfd-fa07d3a143be,2024-01-13T19:10:00.000-05:00
60021,Derrick White,G,BOS,HOU,16.5,Pts+Rebs,e40f5e45-535d-48c0-9dfd-fa07d3a143be,2024-01-13T19:10:00.000-05:00
60021,Derrick White,G,BOS,HOU,4.5,Assists,e40f5e45-535d-48c0-9dfd-fa07d3a143be,2024-01-13T19:10:00.000-05:00
60021,Derrick White,G,BOS,HOU,17.5,Pts+Asts,e40f5e45-535d-48c0-9dfd-fa07d3a143be,2024-01-13T19:10:00.000-05:00
60021,Derrick White,G,BOS,HOU,27,Fantasy Score,e40f5e45-535d-48c0-9dfd-fa07d3a143be,2024-01-13T19:10:00.000-05:00
60021,Derrick White,G,BOS,HOU,13,Points,e40f5e45-535d-48c0-9dfd-fa07d3a143be,2024-01-13T19:10:00.000-05:00
173586,Fred VanVleet,G,HOU,BOS,8,Assists,e40f5e45-535d-48c0-9dfd-fa07d3a143be,2024-01-13T19:10:00.000-05:00
173586,Fred VanVleet,G,HOU,BOS,11.5,Rebs+Asts,e40f5e45-535d-48c0-9dfd-fa07d3a143be,2024-01-13T19:10:00.000-05:00
173586,Fred VanVleet,G,HOU,BOS,37,Fantasy Score,e40f5e45-535d-48c0-9dfd-fa07d3a143be,2024-01-13T19:10:00.000-05:00
173586,Fred VanVleet,G,HOU,BOS,3.5,Rebounds,e40f5e45-535d-48c0-9dfd-fa07d3a143be,2024-01-13T19:10:00.000-05:00
173586,Fred VanVleet,G,HOU,BOS,0.5,Blocked Shots,e40f5e45-535d-48c0-9dfd-fa07d3a143be,2024-01-13T19:10:00.000-05:00
173586,Fred VanVleet,G,HOU,BOS,16.5,Points,e40f5e45-535d-48c0-9dfd-fa07d3a143be,2024-01-13T19:10:00.000-05:00
173586,Fred VanVleet,G,HOU,BOS,24.5,Pts+Asts,e40f5e45-535d-48c0-9dfd-fa07d3a143be,2024-01-13T19:10:00.000-05:00
173586,Fred VanVleet,G,HOU,BOS,1.5,Turnovers,e40f5e45-535d-48c0-9dfd-fa07d3a143be,2024-01-13T19:10:00.000-05:00
173586,Fred VanVleet,G,HOU,BOS,15,FG Attempted,e40f5e45-535d-48c0-9dfd-fa07d3a143be,2024-01-13T19:10:00.000-05:00
173586,Fred VanVleet,G,HOU,BOS,2.5,Free Throws Made,e40f5e45-535d-48c0-9dfd-fa07d3a143be,2024-01-13T19:10:00.000-05:00
173586,Fred VanVleet,G,HOU,BOS,20.5,Pts+Rebs,e40f5e45-535d-48c0-9dfd-fa07d3a143be,2024-01-13T19:10:00.000-05:00
173586,Fred VanVleet,G,HOU,BOS,28.5,Pts+Rebs+Asts,e40f5e45-535d-48c0-9dfd-fa07d3a143be,2024-01-13T19:10:00.000-05:00
79867,Jabari Smith Jr.,F,HOU,BOS,20.5,Pts+Rebs,e40f5e45-535d-48c0-9dfd-fa07d3a143be,2024-01-13T19:10:00.000-05:00
79867,Jabari Smith Jr.,F,HOU,BOS,8.5,Rebounds,e40f5e45-535d-48c0-9dfd-fa07d3a143be,2024-01-13T19:10:00.000-05:00
79867,Jabari Smith Jr.,F,HOU,BOS,1.5,Blks+Stls,e40f5e45-535d-48c0-9dfd-fa07d3a143be,2024-01-13T19:10:00.000-05:00
79867,Jabari Smith Jr.,F,HOU,BOS,0.5,Steals,e40f5e45-535d-48c0-9dfd-fa07d3a143be,2024-01-13T19:10:00.000-05:00
79867,Jabari Smith Jr.,F,HOU,BOS,1.5,3-PT Made,e40f5e45-535d-48c0-9dfd-fa07d3a143be,2024-01-13T19:10:00.000-05:00
79867,Jabari Smith Jr.,F,HOU,BOS,21.5,Pts+Rebs+Asts,e40f5e45-535d-48c0-9dfd-fa07d3a143be,2024-01-13T19:10:00.000-05:00
79867,Jabari Smith Jr.,F,HOU,BOS,13.5,Pts+Asts,e40f5e45-535d-48c0-9dfd-fa07d3a143be,2024-01-13T19:10:00.000-05:00
79867,Jabari Smith Jr.,F,HOU,BOS,28.5,Fantasy Score,e40f5e45-535d-48c0-9dfd-fa07d3a143be,2024-01-13T19:10:00.000-05:00
79867,Jabari Smith Jr.,F,HOU,BOS,9.5,Rebs+Asts,e40f5e45-535d-48c0-9dfd-fa07d3a143be,2024-01-13T19:10:00.000-05:00
79867,Jabari Smith Jr.,F,HOU,BOS,0.5,Dunks,e40f5e45-535d-48c0-9dfd-fa07d3a143be,2024-01-13T19:10:00.000-05:00
79867,Jabari Smith Jr.,F,HOU,BOS,12.5,Points,e40f5e45-535d-48c0-9dfd-fa07d3a143be,2024-01-13T19:10:00.000-05:00
54064,Jalen Green,G,HOU,BOS,24.5,Pts+Rebs+Asts,e40f5e45-535d-48c0-9dfd-fa07d3a143be,2024-01-13T19:10:00.000-05:00
54064,Jalen Green,G,HOU,BOS,4.5,Rebounds,e40f5e45-535d-48c0-9dfd-fa07d3a143be,2024-01-13T19:10:00.000-05:00
54064,Jalen Green,G,HOU,BOS,19.5,Pts+Asts,e40f5e45-535d-48c0-9dfd-fa07d3a143be,2024-01-13T19:10:00.000-05:00
54064,Jalen Green,G,HOU,BOS,7.5,3-PT Attempted,e40f5e45-535d-48c0-9dfd-fa07d3a143be,2024-01-13T19:10:00.000-05:00
54064,Jalen Green,G,HOU,BOS,7,Rebs+Asts,e40f5e45-535d-48c0-9dfd-fa07d3a143be,2024-01-13T19:10:00.000-05:00
54064,Jalen Green,G,HOU,BOS,3.5,Free Throws Made,e40f5e45-535d-48c0-9dfd-fa07d3a143be,2024-01-13T19:10:00.000-05:00
54064,Jalen Green,G,HOU,BOS,21.5,Pts+Rebs,e40f5e45-535d-48c0-9dfd-fa07d3a143be,2024-01-13T19:10:00.000-05:00
54064,Jalen Green,G,HOU,BOS,16.5,Points,e40f5e45-535d-48c0-9dfd-fa07d3a143be,2024-01-13T19:10:00.000-05:00
54064,Jalen Green,G,HOU,BOS,16,FG Attempted,e40f5e45-535d-48c0-9dfd-fa07d3a143be,2024-01-13T19:10:00.000-05:00
54064,Jalen Green,G,HOU,BOS,29.5,Fantasy Score,e40f5e45-535d-48c0-9dfd-fa07d3a143be,2024-01-13T19:10:00.000-05:00
1535,Jaylen Brown,G-F,BOS,HOU,5,3-PT Attempted,e40f5e45-535d-48c0-9dfd-fa07d3a143be,2024-01-13T19:10:00.000-05:00
1535,Jaylen Brown,G-F,BOS,HOU,26.5,Pts+Asts,e40f5e45-535d-48c0-9dfd-fa07d3a143be,2024-01-13T19:10:00.000-05:00
1535,Jaylen Brown,G-F,BOS,HOU,36.5,Fantasy Score,e40f5e45-535d-48c0-9dfd-fa07d3a143be,2024-01-13T19:10:00.000-05:00
1535,Jaylen Brown,G-F,BOS,HOU,17.5,FG Attempted,e40f5e45-535d-48c0-9dfd-fa07d3a143be,2024-01-13T19:10:00.000-05:00
1535,Jaylen Brown,G-F,BOS,HOU,5,Rebounds,e40f5e45-535d-48c0-9dfd-fa07d3a143be,2024-01-13T19:10:00.000-05:00
1535,Jaylen Brown,G-F,BOS,HOU,32.5,Pts+Rebs+Asts,e40f5e45-535d-48c0-9dfd-fa07d3a143be,2024-01-13T19:10:00.000-05:00
1535,Jaylen Brown,G-F,BOS,HOU,1.5,Blks+Stls,e40f5e45-535d-48c0-9dfd-fa07d3a143be,2024-01-13T19:10:00.000-05:00
1535,Jaylen Brown,G-F,BOS,HOU,3.5,Free Throws Made,e40f5e45-535d-48c0-9dfd-fa07d3a143be,2024-01-13T19:10:00.000-05:00
1535,Jaylen Brown,G-F,BOS,HOU,29.5,Pts+Rebs,e40f5e45-535d-48c0-9dfd-fa07d3a143be,2024-01-13T19:10:00.000-05:00
1535,Jaylen Brown,G-F,BOS,HOU,8.5,Rebs+Asts,e40f5e45-535d-48c0-9dfd-fa07d3a143be,2024-01-13T19:10:00.000-05:00
1535,Jaylen Brown,G-F,BOS,HOU,23.5,Points,e40f5e45-535d-48c0-9dfd-fa07d3a143be,2024-01-13T19:10:00.000-05:00
1266,Jayson Tatum,F-G,BOS,HOU,34.5,Pts+Rebs,e40f5e45-535d-48c0-9dfd-fa07d3a143be,2024-01-13T19:10:00.000-05:00
1266,Jayson Tatum,F-G,BOS,HOU,6,Free Throws Made,e40f5e45-535d-48c0-9dfd-fa07d3a143be,2024-01-13T19:10:00.000-05:00
1266,Jayson Tatum,F-G,BOS,HOU,8.5,Rebounds,e40f5e45-535d-48c0-9dfd-fa07d3a143be,2024-01-13T19:10:00.000-05:00
1266,Jayson Tatum,F-G,BOS,HOU,7.5,Defensive Rebounds,e40f5e45-535d-48c0-9dfd-fa07d3a143be,2024-01-13T19:10:00.000-05:00
1266,Jayson Tatum,F-G,BOS,HOU,13.5,Rebs+Asts,e40f5e45-535d-48c0-9dfd-fa07d3a143be,2024-01-13T19:10:00.000-05:00
1266,Jayson Tatum,F-G,BOS,HOU,19,FG Attempted,e40f5e45-535d-48c0-9dfd-fa07d3a143be,2024-01-13T19:10:00.000-05:00
1266,Jayson Tatum,F-G,BOS,HOU,31.5,Pts+Asts,e40f5e45-535d-48c0-9dfd-fa07d3a143be,2024-01-13T19:10:00.000-05:00
1266,Jayson Tatum,F-G,BOS,HOU,1.5,Blks+Stls,e40f5e45-535d-48c0-9dfd-fa07d3a143be,2024-01-13T19:10:00.000-05:00
1266,Jayson Tatum,F-G,BOS,HOU,4.5,Assists,e40f5e45-535d-48c0-9dfd-fa07d3a143be,2024-01-13T19:10:00.000-05:00
1266,Jayson Tatum,F-G,BOS,HOU,27,Points,e40f5e45-535d-48c0-9dfd-fa07d3a143be,2024-01-13T19:10:00.000-05:00
1266,Jayson Tatum,F-G,BOS,HOU,45.5,Fantasy Score,e40f5e45-535d-48c0-9dfd-fa07d3a143be,2024-01-13T19:10:00.000-05:00
1266,Jayson Tatum,F-G,BOS,HOU,39.5,Pts+Rebs+Asts,e40f5e45-535d-48c0-9dfd-fa07d3a143be,2024-01-13T19:10:00.000-05:00
1266,Jayson Tatum,F-G,BOS,HOU,2.5,Turnovers,e40f5e45-535d-48c0-9dfd-fa07d3a143be,2024-01-13T19:10:00.000-05:00
173626,Jrue Holiday,G,BOS,HOU,1.5,Turnovers,e40f5e45-535d-48c0-9dfd-fa07d3a143be,2024-01-13T19:10:00.000-05:00
173626,Jrue Holiday,G,BOS,HOU,18.5,Pts+Rebs,e40f5e45-535d-48c0-9dfd-fa07d3a143be,2024-01-13T19:10:00.000-05:00
173626,Jrue Holiday,G,BOS,HOU,12.5,Points,e40f5e45-535d-48c0-9dfd-fa07d3a143be,2024-01-13T19:10:00.000-05:00
173626,Jrue Holiday,G,BOS,HOU,10.5,Rebs+Asts,e40f5e45-535d-48c0-9dfd-fa07d3a143be,2024-01-13T19:10:00.000-05:00
173626,Jrue Holiday,G,BOS,HOU,5.5,Rebounds,e40f5e45-535d-48c0-9dfd-fa07d3a143be,2024-01-13T19:10:00.000-05:00
173626,Jrue Holiday,G,BOS,HOU,17.5,Pts+Asts,e40f5e45-535d-48c0-9dfd-fa07d3a143be,2024-01-13T19:10:00.000-05:00
173626,Jrue Holiday,G,BOS,HOU,1.5,Blks+Stls,e40f5e45-535d-48c0-9dfd-fa07d3a143be,2024-01-13T19:10:00.000-05:00
173626,Jrue Holiday,G,BOS,HOU,4.5,Assists,e40f5e45-535d-48c0-9dfd-fa07d3a143be,2024-01-13T19:10:00.000-05:00
173626,Jrue Holiday,G,BOS,HOU,28.5,Fantasy Score,e40f5e45-535d-48c0-9dfd-fa07d3a143be,2024-01-13T19:10:00.000-05:00
173626,Jrue Holiday,G,BOS,HOU,23.5,Pts+Rebs+Asts,e40f5e45-535d-48c0-9dfd-fa07d3a143be,2024-01-13T19:10:00.000-05:00
173120,Kristaps Porzingis,F-C,BOS,HOU,28.5,Pts+Rebs+Asts,e40f5e45-535d-48c0-9dfd-fa07d3a143be,2024-01-13T19:10:00.000-05:00
173120,Kristaps Porzingis,F-C,BOS,HOU,7.5,Rebounds,e40f5e45-535d-48c0-9dfd-fa07d3a143be,2024-01-13T19:10:00.000-05:00
173120,Kristaps Porzingis,F-C,BOS,HOU,1.5,Dunks,e40f5e45-535d-48c0-9dfd-fa07d3a143be,2024-01-13T19:10:00.000-05:00
173120,Kristaps Porzingis,F-C,BOS,HOU,1.5,Offensive Rebounds,e40f5e45-535d-48c0-9dfd-fa07d3a143be,2024-01-13T19:10:00.000-05:00
173120,Kristaps Porzingis,F-C,BOS,HOU,36.5,Fantasy Score,e40f5e45-535d-48c0-9dfd-fa07d3a143be,2024-01-13T19:10:00.000-05:00
173120,Kristaps Porzingis,F-C,BOS,HOU,10,Rebs+Asts,e40f5e45-535d-48c0-9dfd-fa07d3a143be,2024-01-13T19:10:00.000-05:00
173120,Kristaps Porzingis,F-C,BOS,HOU,18.5,Points,e40f5e45-535d-48c0-9dfd-fa07d3a143be,2024-01-13T19:10:00.000-05:00
173120,Kristaps Porzingis,F-C,BOS,HOU,20.5,Pts+Asts,e40f5e45-535d-48c0-9dfd-fa07d3a143be,2024-01-13T19:10:00.000-05:00
173120,Kristaps Porzingis,F-C,BOS,HOU,26.5,Pts+Rebs,e40f5e45-535d-48c0-9dfd-fa07d3a143be,2024-01-13T19:10:00.000-05:00
1596,Clint Capela,C,ATL,WAS,2,Dunks,319af861-a798-43c1-8f3d-ac25edbd36ee,2024-01-13T19:30:00.000-05:00
1596,Clint Capela,C,ATL,WAS,1.5,Free Throws Made,319af861-a798-43c1-8f3d-ac25edbd36ee,2024-01-13T19:30:00.000-05:00
1596,Clint Capela,C,ATL,WAS,32,Fantasy Score,319af861-a798-43c1-8f3d-ac25edbd36ee,2024-01-13T19:30:00.000-05:00
1596,Clint Capela,C,ATL,WAS,3.5,Offensive Rebounds,319af861-a798-43c1-8f3d-ac25edbd36ee,2024-01-13T19:30:00.000-05:00
1596,Clint Capela,C,ATL,WAS,7,Defensive Rebounds,319af861-a798-43c1-8f3d-ac25edbd36ee,2024-01-13T19:30:00.000-05:00
37687,Daniel Gafford,F-C,WAS,ATL,30.5,Fantasy Score,319af861-a798-43c1-8f3d-ac25edbd36ee,2024-01-13T19:30:00.000-05:00
37687,Daniel Gafford,F-C,WAS,ATL,3,Offensive Rebounds,319af861-a798-43c1-8f3d-ac25edbd36ee,2024-01-13T19:30:00.000-05:00
184382,Daniel Gafford + Clint Capela,C,WAS/ATL,ATL/WAS,19,Rebounds (Combo),319af861-a798-43c1-8f3d-ac25edbd36ee,2024-01-13T19:30:00.000-05:00
80032,Dejounte Murray,G,ATL,WAS,6.5,3-PT Attempted,319af861-a798-43c1-8f3d-ac25edbd36ee,2024-01-13T19:30:00.000-05:00
80032,Dejounte Murray,G,ATL,WAS,0.5,Offensive Rebounds,319af861-a798-43c1-8f3d-ac25edbd36ee,2024-01-13T19:30:00.000-05:00
80032,Dejounte Murray,G,ATL,WAS,18.5,FG Attempted,319af861-a798-43c1-8f3d-ac25edbd36ee,2024-01-13T19:30:00.000-05:00
80032,Dejounte Murray,G,ATL,WAS,3,Free Throws Made,319af861-a798-43c1-8f3d-ac25edbd36ee,2024-01-13T19:30:00.000-05:00
80032,Dejounte Murray,G,ATL,WAS,38,Fantasy Score,319af861-a798-43c1-8f3d-ac25edbd36ee,2024-01-13T19:30:00.000-05:00
25427,Deni Avdija,F,WAS,ATL,29.5,Fantasy Score,319af861-a798-43c1-8f3d-ac25edbd36ee,2024-01-13T19:30:00.000-05:00
87857,Jalen Johnson,F,ATL,WAS,1.5,Dunks,319af861-a798-43c1-8f3d-ac25edbd36ee,2024-01-13T19:30:00.000-05:00
87857,Jalen Johnson,F,ATL,WAS,38,Fantasy Score,319af861-a798-43c1-8f3d-ac25edbd36ee,2024-01-13T19:30:00.000-05:00
173610,Jordan Poole,G,WAS,ATL,3,Free Throws Made,319af861-a798-43c1-8f3d-ac25edbd36ee,2024-01-13T19:30:00.000-05:00
173610,Jordan Poole,G,WAS,ATL,29.5,Fantasy Score,319af861-a798-43c1-8f3d-ac25edbd36ee,2024-01-13T19:30:00.000-05:00
173610,Jordan Poole,G,WAS,ATL,15.5,FG Attempted,319af861-a798-43c1-8f3d-ac25edbd36ee,2024-01-13T19:30:00.000-05:00
173610,Jordan Poole,G,WAS,ATL,7,3-PT Attempted,319af861-a798-43c1-8f3d-ac25edbd36ee,2024-01-13T19:30:00.000-05:00
53986,Kyle Kuzma,F,WAS,ATL,2.5,Free Throws Made,319af861-a798-43c1-8f3d-ac25edbd36ee,2024-01-13T19:30:00.000-05:00
53986,Kyle Kuzma,F,WAS,ATL,7,3-PT Attempted,319af861-a798-43c1-8f3d-ac25edbd36ee,2024-01-13T19:30:00.000-05:00
53986,Kyle Kuzma,F,WAS,ATL,19.5,FG Attempted,319af861-a798-43c1-8f3d-ac25edbd36ee,2024-01-13T19:30:00.000-05:00
53986,Kyle Kuzma,F,WAS,ATL,0.5,Dunks,319af861-a798-43c1-8f3d-ac25edbd36ee,2024-01-13T19:30:00.000-05:00
53986,Kyle Kuzma,F,WAS,ATL,38.5,Fantasy Score,319af861-a798-43c1-8f3d-ac25edbd36ee,2024-01-13T19:30:00.000-05:00
184381,Kyle Kuzma + Trae Young,F/G,WAS/ATL,ATL/WAS,54,Points (Combo),319af861-a798-43c1-8f3d-ac25edbd36ee,2024-01-13T19:30:00.000-05:00
184381,Kyle Kuzma + Trae Young,F/G,WAS/ATL,ATL/WAS,5.5,3-PT Made (Combo),319af861-a798-43c1-8f3d-ac25edbd36ee,2024-01-13T19:30:00.000-05:00
123596,Saddiq Bey,G-F,ATL,WAS,0.5,Dunks,319af861-a798-43c1-8f3d-ac25edbd36ee,2024-01-13T19:30:00.000-05:00
123596,Saddiq Bey,G-F,ATL,WAS,25,Fantasy Score,319af861-a798-43c1-8f3d-ac25edbd36ee,2024-01-13T19:30:00.000-05:00
1521,Trae Young,G,ATL,WAS,0.5,Offensive Rebounds,319af861-a798-43c1-8f3d-ac25edbd36ee,2024-01-13T19:30:00.000-05:00
1521,Trae Young,G,ATL,WAS,49,Fantasy Score,319af861-a798-43c1-8f3d-ac25edbd36ee,2024-01-13T19:30:00.000-05:00
1521,Trae Young,G,ATL,WAS,7.5,Free Throws Made,319af861-a798-43c1-8f3d-ac25edbd36ee,2024-01-13T19:30:00.000-05:00
1521,Trae Young,G,ATL,WAS,21,FG Attempted,319af861-a798-43c1-8f3d-ac25edbd36ee,2024-01-13T19:30:00.000-05:00
1521,Trae Young,G,ATL,WAS,9.5,3-PT Attempted,319af861-a798-43c1-8f3d-ac25edbd36ee,2024-01-13T19:30:00.000-05:00
173611,Tyus Jones,G,WAS,ATL,0.5,Free Throws Made,319af861-a798-43c1-8f3d-ac25edbd36ee,2024-01-13T19:30:00.000-05:00
173611,Tyus Jones,G,WAS,ATL,30,Fantasy Score,319af861-a798-43c1-8f3d-ac25edbd36ee,2024-01-13T19:30:00.000-05:00
184383,Tyus Jones + Trae Young,G,WAS/ATL,ATL/WAS,17.5,Assists (Combo),319af861-a798-43c1-8f3d-ac25edbd36ee,2024-01-13T19:30:00.000-05:00
184402,Stephen Curry + Trae Young,G,GSW/ATL,MIL/WAS,8,3-PT Made (Combo),,2024-01-13T19:30:00.000-05:00
1596,Clint Capela,C,ATL,WAS,10.5,Rebounds,319af861-a798-43c1-8f3d-ac25edbd36ee,2024-01-13T19:40:00.000-05:00
1596,Clint Capela,C,ATL,WAS,12.5,Points,319af861-a798-43c1-8f3d-ac25edbd36ee,2024-01-13T19:40:00.000-05:00
1596,Clint Capela,C,ATL,WAS,1.5,Blocked Shots,319af861-a798-43c1-8f3d-ac25edbd36ee,2024-01-13T19:40:00.000-05:00
1596,Clint Capela,C,ATL,WAS,0.5,Steals,319af861-a798-43c1-8f3d-ac25edbd36ee,2024-01-13T19:40:00.000-05:00
1596,Clint Capela,C,ATL,WAS,24.5,Pts+Rebs+Asts,319af861-a798-43c1-8f3d-ac25edbd36ee,2024-01-13T19:40:00.000-05:00
37687,Daniel Gafford,F-C,WAS,ATL,19.5,Pts+Rebs,319af861-a798-43c1-8f3d-ac25edbd36ee,2024-01-13T19:40:00.000-05:00
37687,Daniel Gafford,F-C,WAS,ATL,21.5,Pts+Rebs+Asts,319af861-a798-43c1-8f3d-ac25edbd36ee,2024-01-13T19:40:00.000-05:00
37687,Daniel Gafford,F-C,WAS,ATL,9.5,Rebs+Asts,319af861-a798-43c1-8f3d-ac25edbd36ee,2024-01-13T19:40:00.000-05:00
37687,Daniel Gafford,F-C,WAS,ATL,8,Rebounds,319af861-a798-43c1-8f3d-ac25edbd36ee,2024-01-13T19:40:00.000-05:00
37687,Daniel Gafford,F-C,WAS,ATL,13.5,Pts+Asts,319af861-a798-43c1-8f3d-ac25edbd36ee,2024-01-13T19:40:00.000-05:00
37687,Daniel Gafford,F-C,WAS,ATL,11.5,Points,319af861-a798-43c1-8f3d-ac25edbd36ee,2024-01-13T19:40:00.000-05:00
80032,Dejounte Murray,G,ATL,WAS,5,Rebounds,319af861-a798-43c1-8f3d-ac25edbd36ee,2024-01-13T19:40:00.000-05:00
80032,Dejounte Murray,G,ATL,WAS,23.5,Points,319af861-a798-43c1-8f3d-ac25edbd36ee,2024-01-13T19:40:00.000-05:00
80032,Dejounte Murray,G,ATL,WAS,28.5,Pts+Rebs,319af861-a798-43c1-8f3d-ac25edbd36ee,2024-01-13T19:40:00.000-05:00
80032,Dejounte Murray,G,ATL,WAS,33.5,Pts+Rebs+Asts,319af861-a798-43c1-8f3d-ac25edbd36ee,2024-01-13T19:40:00.000-05:00
80032,Dejounte Murray,G,ATL,WAS,27.5,Pts+Asts,319af861-a798-43c1-8f3d-ac25edbd36ee,2024-01-13T19:40:00.000-05:00
80032,Dejounte Murray,G,ATL,WAS,9.5,Rebs+Asts,319af861-a798-43c1-8f3d-ac25edbd36ee,2024-01-13T19:40:00.000-05:00
80032,Dejounte Murray,G,ATL,WAS,1.5,Blks+Stls,319af861-a798-43c1-8f3d-ac25edbd36ee,2024-01-13T19:40:00.000-05:00
25427,Deni Avdija,F,WAS,ATL,20.5,Pts+Rebs,319af861-a798-43c1-8f3d-ac25edbd36ee,2024-01-13T19:40:00.000-05:00
25427,Deni Avdija,F,WAS,ATL,4,Assists,319af861-a798-43c1-8f3d-ac25edbd36ee,2024-01-13T19:40:00.000-05:00
25427,Deni Avdija,F,WAS,ATL,10.5,Rebs+Asts,319af861-a798-43c1-8f3d-ac25edbd36ee,2024-01-13T19:40:00.000-05:00
25427,Deni Avdija,F,WAS,ATL,14.5,Points,319af861-a798-43c1-8f3d-ac25edbd36ee,2024-01-13T19:40:00.000-05:00
25427,Deni Avdija,F,WAS,ATL,6,Rebounds,319af861-a798-43c1-8f3d-ac25edbd36ee,2024-01-13T19:40:00.000-05:00
25427,Deni Avdija,F,WAS,ATL,18.5,Pts+Asts,319af861-a798-43c1-8f3d-ac25edbd36ee,2024-01-13T19:40:00.000-05:00
25427,Deni Avdija,F,WAS,ATL,24.5,Pts+Rebs+Asts,319af861-a798-43c1-8f3d-ac25edbd36ee,2024-01-13T19:40:00.000-05:00
87857,Jalen Johnson,F,ATL,WAS,26.5,Pts+Rebs,319af861-a798-43c1-8f3d-ac25edbd36ee,2024-01-13T19:40:00.000-05:00
87857,Jalen Johnson,F,ATL,WAS,3.5,Assists,319af861-a798-43c1-8f3d-ac25edbd36ee,2024-01-13T19:40:00.000-05:00
87857,Jalen Johnson,F,ATL,WAS,9,Rebounds,319af861-a798-43c1-8f3d-ac25edbd36ee,2024-01-13T19:40:00.000-05:00
87857,Jalen Johnson,F,ATL,WAS,30.5,Pts+Rebs+Asts,319af861-a798-43c1-8f3d-ac25edbd36ee,2024-01-13T19:40:00.000-05:00
87857,Jalen Johnson,F,ATL,WAS,16.5,Points,319af861-a798-43c1-8f3d-ac25edbd36ee,2024-01-13T19:40:00.000-05:00
87857,Jalen Johnson,F,ATL,WAS,20.5,Pts+Asts,319af861-a798-43c1-8f3d-ac25edbd36ee,2024-01-13T19:40:00.000-05:00
87857,Jalen Johnson,F,ATL,WAS,13,Rebs+Asts,319af861-a798-43c1-8f3d-ac25edbd36ee,2024-01-13T19:40:00.000-05:00
173610,Jordan Poole,G,WAS,ATL,19.5,Points,319af861-a798-43c1-8f3d-ac25edbd36ee,2024-01-13T19:40:00.000-05:00
173610,Jordan Poole,G,WAS,ATL,26.5,Pts+Rebs+Asts,319af861-a798-43c1-8f3d-ac25edbd36ee,2024-01-13T19:40:00.000-05:00
173610,Jordan Poole,G,WAS,ATL,2.5,Rebounds,319af861-a798-43c1-8f3d-ac25edbd36ee,2024-01-13T19:40:00.000-05:00
173610,Jordan Poole,G,WAS,ATL,24.5,Pts+Asts,319af861-a798-43c1-8f3d-ac25edbd36ee,2024-01-13T19:40:00.000-05:00
173610,Jordan Poole,G,WAS,ATL,4.5,Assists,319af861-a798-43c1-8f3d-ac25edbd36ee,2024-01-13T19:40:00.000-05:00
173610,Jordan Poole,G,WAS,ATL,22.5,Pts+Rebs,319af861-a798-43c1-8f3d-ac25edbd36ee,2024-01-13T19:40:00.000-05:00
53986,Kyle Kuzma,F,WAS,ATL,31.5,Pts+Rebs,319af861-a798-43c1-8f3d-ac25edbd36ee,2024-01-13T19:40:00.000-05:00
53986,Kyle Kuzma,F,WAS,ATL,0.5,Steals,319af861-a798-43c1-8f3d-ac25edbd36ee,2024-01-13T19:40:00.000-05:00
53986,Kyle Kuzma,F,WAS,ATL,11.5,Rebs+Asts,319af861-a798-43c1-8f3d-ac25edbd36ee,2024-01-13T19:40:00.000-05:00
53986,Kyle Kuzma,F,WAS,ATL,36.5,Pts+Rebs+Asts,319af861-a798-43c1-8f3d-ac25edbd36ee,2024-01-13T19:40:00.000-05:00
53986,Kyle Kuzma,F,WAS,ATL,24.5,Points,319af861-a798-43c1-8f3d-ac25edbd36ee,2024-01-13T19:40:00.000-05:00
53986,Kyle Kuzma,F,WAS,ATL,28.5,Pts+Asts,319af861-a798-43c1-8f3d-ac25edbd36ee,2024-01-13T19:40:00.000-05:00
53986,Kyle Kuzma,F,WAS,ATL,7,Rebounds,319af861-a798-43c1-8f3d-ac25edbd36ee,2024-01-13T19:40:00.000-05:00
53986,Kyle Kuzma,F,WAS,ATL,4.5,Assists,319af861-a798-43c1-8f3d-ac25edbd36ee,2024-01-13T19:40:00.000-05:00
123596,Saddiq Bey,G-F,ATL,WAS,22.5,Pts+Rebs+Asts,319af861-a798-43c1-8f3d-ac25edbd36ee,2024-01-13T19:40:00.000-05:00
123596,Saddiq Bey,G-F,ATL,WAS,15.5,Pts+Asts,319af861-a798-43c1-8f3d-ac25edbd36ee,2024-01-13T19:40:00.000-05:00
123596,Saddiq Bey,G-F,ATL,WAS,13.5,Points,319af861-a798-43c1-8f3d-ac25edbd36ee,2024-01-13T19:40:00.000-05:00
123596,Saddiq Bey,G-F,ATL,WAS,20.5,Pts+Rebs,319af861-a798-43c1-8f3d-ac25edbd36ee,2024-01-13T19:40:00.000-05:00
123596,Saddiq Bey,G-F,ATL,WAS,6.5,Rebounds,319af861-a798-43c1-8f3d-ac25edbd36ee,2024-01-13T19:40:00.000-05:00
1521,Trae Young,G,ATL,WAS,11,Assists,319af861-a798-43c1-8f3d-ac25edbd36ee,2024-01-13T19:40:00.000-05:00
1521,Trae Young,G,ATL,WAS,43.5,Pts+Rebs+Asts,319af861-a798-43c1-8f3d-ac25edbd36ee,2024-01-13T19:40:00.000-05:00
1521,Trae Young,G,ATL,WAS,14,Rebs+Asts,319af861-a798-43c1-8f3d-ac25edbd36ee,2024-01-13T19:40:00.000-05:00
1521,Trae Young,G,ATL,WAS,29.5,Points,319af861-a798-43c1-8f3d-ac25edbd36ee,2024-01-13T19:40:00.000-05:00
1521,Trae Young,G,ATL,WAS,32.5,Pts+Rebs,319af861-a798-43c1-8f3d-ac25edbd36ee,2024-01-13T19:40:00.000-05:00
1521,Trae Young,G,ATL,WAS,39.5,Pts+Asts,319af861-a798-43c1-8f3d-ac25edbd36ee,2024-01-13T19:40:00.000-05:00
1521,Trae Young,G,ATL,WAS,1.5,Blks+Stls,319af861-a798-43c1-8f3d-ac25edbd36ee,2024-01-13T19:40:00.000-05:00
173611,Tyus Jones,G,WAS,ATL,14.5,Points,319af861-a798-43c1-8f3d-ac25edbd36ee,2024-01-13T19:40:00.000-05:00
173611,Tyus Jones,G,WAS,ATL,1.5,Blks+Stls,319af861-a798-43c1-8f3d-ac25edbd36ee,2024-01-13T19:40:00.000-05:00
173611,Tyus Jones,G,WAS,ATL,21.5,Pts+Asts,319af861-a798-43c1-8f3d-ac25edbd36ee,2024-01-13T19:40:00.000-05:00
173611,Tyus Jones,G,WAS,ATL,17.5,Pts+Rebs,319af861-a798-43c1-8f3d-ac25edbd36ee,2024-01-13T19:40:00.000-05:00
173611,Tyus Jones,G,WAS,ATL,6.5,Assists,319af861-a798-43c1-8f3d-ac25edbd36ee,2024-01-13T19:40:00.000-05:00
173611,Tyus Jones,G,WAS,ATL,24.5,Pts+Rebs+Asts,319af861-a798-43c1-8f3d-ac25edbd36ee,2024-01-13T19:40:00.000-05:00
173611,Tyus Jones,G,WAS,ATL,9.5,Rebs+Asts,319af861-a798-43c1-8f3d-ac25edbd36ee,2024-01-13T19:40:00.000-05:00
184389,Klay Thompson + Damian Lillard,G,GSW/MIL,MIL/GSW,7,3-PT Made (Combo),850775c7-a290-4f3c-8551-11d5d29e19d2,2024-01-13T20:00:00.000-05:00
176000,Stephen Curry + Damian Lillard,PG,GSW/MIL,MIL/GSW,12.5,Assists (Combo),850775c7-a290-4f3c-8551-11d5d29e19d2,2024-01-13T20:00:00.000-05:00
184387,Stephen Curry + Giannis Antetokounmpo,G/F,GSW/MIL,MIL/GSW,61.5,Points (Combo),850775c7-a290-4f3c-8551-11d5d29e19d2,2024-01-13T20:00:00.000-05:00
174284,Donte DiVincenzo,G,NYK,MEM,24.5,Fantasy Score,d72a0607-b6ec-4e06-a352-2515042ae017,2024-01-13T20:00:00.000-05:00
88510,Isaiah Hartenstein,C-F,NYK,MEM,36.5,Fantasy Score,d72a0607-b6ec-4e06-a352-2515042ae017,2024-01-13T20:00:00.000-05:00
88510,Isaiah Hartenstein,C-F,NYK,MEM,3.5,Offensive Rebounds,d72a0607-b6ec-4e06-a352-2515042ae017,2024-01-13T20:00:00.000-05:00
88510,Isaiah Hartenstein,C-F,NYK,MEM,8,Defensive Rebounds,d72a0607-b6ec-4e06-a352-2515042ae017,2024-01-13T20:00:00.000-05:00
85745,Jalen Brunson,G,NYK,MEM,7,3-PT Attempted,d72a0607-b6ec-4e06-a352-2515042ae017,2024-01-13T20:00:00.000-05:00
85745,Jalen Brunson,G,NYK,MEM,20,FG Attempted,d72a0607-b6ec-4e06-a352-2515042ae017,2024-01-13T20:00:00.000-05:00
85745,Jalen Brunson,G,NYK,MEM,5,Free Throws Made,d72a0607-b6ec-4e06-a352-2515042ae017,2024-01-13T20:00:00.000-05:00
85745,Jalen Brunson,G,NYK,MEM,0.5,Offensive Rebounds,d72a0607-b6ec-4e06-a352-2515042ae017,2024-01-13T20:00:00.000-05:00
85745,Jalen Brunson,G,NYK,MEM,43.5,Fantasy Score,d72a0607-b6ec-4e06-a352-2515042ae017,2024-01-13T20:00:00.000-05:00
54125,Julius Randle,F-C,NYK,MEM,5.5,Free Throws Made,d72a0607-b6ec-4e06-a352-2515042ae017,2024-01-13T20:00:00.000-05:00
54125,Julius Randle,F-C,NYK,MEM,0.5,Dunks,d72a0607-b6ec-4e06-a352-2515042ae017,2024-01-13T20:00:00.000-05:00
54125,Julius Randle,F-C,NYK,MEM,48.5,Fantasy Score,d72a0607-b6ec-4e06-a352-2515042ae017,2024-01-13T20:00:00.000-05:00
183158,OG Anunoby,G-F,NYK,MEM,26,Fantasy Score,d72a0607-b6ec-4e06-a352-2515042ae017,2024-01-13T20:00:00.000-05:00
1681,Giannis Antetokounmpo,F,MIL,GSW,8,Free Throws Made,850775c7-a290-4f3c-8551-11d5d29e19d2,2024-01-13T20:10:00.000-05:00
1681,Giannis Antetokounmpo,F,MIL,GSW,10,Defensive Rebounds,850775c7-a290-4f3c-8551-11d5d29e19d2,2024-01-13T20:10:00.000-05:00
1681,Giannis Antetokounmpo,F,MIL,GSW,2.5,Blks+Stls,850775c7-a290-4f3c-8551-11d5d29e19d2,2024-01-13T20:10:00.000-05:00
1681,Giannis Antetokounmpo,F,MIL,GSW,20.5,FG Attempted,850775c7-a290-4f3c-8551-11d5d29e19d2,2024-01-13T20:10:00.000-05:00
1681,Giannis Antetokounmpo,F,MIL,GSW,63,Fantasy Score,850775c7-a290-4f3c-8551-11d5d29e19d2,2024-01-13T20:10:00.000-05:00
1681,Giannis Antetokounmpo,F,MIL,GSW,45.5,Pts+Rebs,850775c7-a290-4f3c-8551-11d5d29e19d2,2024-01-13T20:10:00.000-05:00
1681,Giannis Antetokounmpo,F,MIL,GSW,39.5,Pts+Asts,850775c7-a290-4f3c-8551-11d5d29e19d2,2024-01-13T20:10:00.000-05:00
1681,Giannis Antetokounmpo,F,MIL,GSW,19.5,Rebs+Asts,850775c7-a290-4f3c-8551-11d5d29e19d2,2024-01-13T20:10:00.000-05:00
1681,Giannis Antetokounmpo,F,MIL,GSW,32.5,Points,850775c7-a290-4f3c-8551-11d5d29e19d2,2024-01-13T20:10:00.000-05:00
53834,Stephen Curry,G,GSW,MIL,31.5,Pts+Rebs,850775c7-a290-4f3c-8551-11d5d29e19d2,2024-01-13T20:10:00.000-05:00
53834,Stephen Curry,G,GSW,MIL,27.5,Points,850775c7-a290-4f3c-8551-11d5d29e19d2,2024-01-13T20:10:00.000-05:00
53834,Stephen Curry,G,GSW,MIL,11.5,3-PT Attempted,850775c7-a290-4f3c-8551-11d5d29e19d2,2024-01-13T20:10:00.000-05:00
53834,Stephen Curry,G,GSW,MIL,38.5,Pts+Rebs+Asts,850775c7-a290-4f3c-8551-11d5d29e19d2,2024-01-13T20:10:00.000-05:00
53834,Stephen Curry,G,GSW,MIL,34.5,Pts+Asts,850775c7-a290-4f3c-8551-11d5d29e19d2,2024-01-13T20:10:00.000-05:00
53834,Stephen Curry,G,GSW,MIL,4.5,Free Throws Made,850775c7-a290-4f3c-8551-11d5d29e19d2,2024-01-13T20:10:00.000-05:00
53834,Stephen Curry,G,GSW,MIL,4.5,3-PT Made,850775c7-a290-4f3c-8551-11d5d29e19d2,2024-01-13T20:10:00.000-05:00
53834,Stephen Curry,G,GSW,MIL,43.5,Fantasy Score,850775c7-a290-4f3c-8551-11d5d29e19d2,2024-01-13T20:10:00.000-05:00
53834,Stephen Curry,G,GSW,MIL,6,Assists,850775c7-a290-4f3c-8551-11d5d29e19d2,2024-01-13T20:10:00.000-05:00
53834,Stephen Curry,G,GSW,MIL,20,FG Attempted,850775c7-a290-4f3c-8551-11d5d29e19d2,2024-01-13T20:10:00.000-05:00
174284,Donte DiVincenzo,G,NYK,MEM,13.5,Points,d72a0607-b6ec-4e06-a352-2515042ae017,2024-01-13T20:10:00.000-05:00
174284,Donte DiVincenzo,G,NYK,MEM,1.5,Turnovers,d72a0607-b6ec-4e06-a352-2515042ae017,2024-01-13T20:10:00.000-05:00
174284,Donte DiVincenzo,G,NYK,MEM,16.5,Pts+Asts,d72a0607-b6ec-4e06-a352-2515042ae017,2024-01-13T20:10:00.000-05:00
174284,Donte DiVincenzo,G,NYK,MEM,20.5,Pts+Rebs+Asts,d72a0607-b6ec-4e06-a352-2515042ae017,2024-01-13T20:10:00.000-05:00
174284,Donte DiVincenzo,G,NYK,MEM,17.5,Pts+Rebs,d72a0607-b6ec-4e06-a352-2515042ae017,2024-01-13T20:10:00.000-05:00
174284,Donte DiVincenzo,G,NYK,MEM,1.5,Blks+Stls,d72a0607-b6ec-4e06-a352-2515042ae017,2024-01-13T20:10:00.000-05:00
88510,Isaiah Hartenstein,C-F,NYK,MEM,14.5,Rebs+Asts,d72a0607-b6ec-4e06-a352-2515042ae017,2024-01-13T20:10:00.000-05:00
88510,Isaiah Hartenstein,C-F,NYK,MEM,20.5,Pts+Rebs,d72a0607-b6ec-4e06-a352-2515042ae017,2024-01-13T20:10:00.000-05:00
88510,Isaiah Hartenstein,C-F,NYK,MEM,24.5,Pts+Rebs+Asts,d72a0607-b6ec-4e06-a352-2515042ae017,2024-01-13T20:10:00.000-05:00
88510,Isaiah Hartenstein,C-F,NYK,MEM,1.5,Steals,d72a0607-b6ec-4e06-a352-2515042ae017,2024-01-13T20:10:00.000-05:00
88510,Isaiah Hartenstein,C-F,NYK,MEM,9.5,Points,d72a0607-b6ec-4e06-a352-2515042ae017,2024-01-13T20:10:00.000-05:00
88510,Isaiah Hartenstein,C-F,NYK,MEM,11.5,Rebounds,d72a0607-b6ec-4e06-a352-2515042ae017,2024-01-13T20:10:00.000-05:00
88510,Isaiah Hartenstein,C-F,NYK,MEM,12.5,Pts+Asts,d72a0607-b6ec-4e06-a352-2515042ae017,2024-01-13T20:10:00.000-05:00
85745,Jalen Brunson,G,NYK,MEM,7,Assists,d72a0607-b6ec-4e06-a352-2515042ae017,2024-01-13T20:10:00.000-05:00
85745,Jalen Brunson,G,NYK,MEM,11.5,Rebs+Asts,d72a0607-b6ec-4e06-a352-2515042ae017,2024-01-13T20:10:00.000-05:00
85745,Jalen Brunson,G,NYK,MEM,2.5,3-PT Made,d72a0607-b6ec-4e06-a352-2515042ae017,2024-01-13T20:10:00.000-05:00
85745,Jalen Brunson,G,NYK,MEM,39.5,Pts+Rebs+Asts,d72a0607-b6ec-4e06-a352-2515042ae017,2024-01-13T20:10:00.000-05:00
85745,Jalen Brunson,G,NYK,MEM,31.5,Pts+Rebs,d72a0607-b6ec-4e06-a352-2515042ae017,2024-01-13T20:10:00.000-05:00
85745,Jalen Brunson,G,NYK,MEM,34.5,Pts+Asts,d72a0607-b6ec-4e06-a352-2515042ae017,2024-01-13T20:10:00.000-05:00
85745,Jalen Brunson,G,NYK,MEM,27.5,Points,d72a0607-b6ec-4e06-a352-2515042ae017,2024-01-13T20:10:00.000-05:00
54125,Julius Randle,F-C,NYK,MEM,36.5,Pts+Asts,d72a0607-b6ec-4e06-a352-2515042ae017,2024-01-13T20:10:00.000-05:00
54125,Julius Randle,F-C,NYK,MEM,31,Points,d72a0607-b6ec-4e06-a352-2515042ae017,2024-01-13T20:10:00.000-05:00
54125,Julius Randle,F-C,NYK,MEM,14,Rebs+Asts,d72a0607-b6ec-4e06-a352-2515042ae017,2024-01-13T20:10:00.000-05:00
54125,Julius Randle,F-C,NYK,MEM,5,Assists,d72a0607-b6ec-4e06-a352-2515042ae017,2024-01-13T20:10:00.000-05:00
54125,Julius Randle,F-C,NYK,MEM,40.5,Pts+Rebs,d72a0607-b6ec-4e06-a352-2515042ae017,2024-01-13T20:10:00.000-05:00
54125,Julius Randle,F-C,NYK,MEM,45.5,Pts+Rebs+Asts,d72a0607-b6ec-4e06-a352-2515042ae017,2024-01-13T20:10:00.000-05:00
54125,Julius Randle,F-C,NYK,MEM,3.5,Turnovers,d72a0607-b6ec-4e06-a352-2515042ae017,2024-01-13T20:10:00.000-05:00
54125,Julius Randle,F-C,NYK,MEM,9,Rebounds,d72a0607-b6ec-4e06-a352-2515042ae017,2024-01-13T20:10:00.000-05:00
183158,OG Anunoby,G-F,NYK,MEM,16.5,Pts+Asts,d72a0607-b6ec-4e06-a352-2515042ae017,2024-01-13T20:10:00.000-05:00
183158,OG Anunoby,G-F,NYK,MEM,14.5,Points,d72a0607-b6ec-4e06-a352-2515042ae017,2024-01-13T20:10:00.000-05:00
183158,OG Anunoby,G-F,NYK,MEM,19.5,Pts+Rebs,d72a0607-b6ec-4e06-a352-2515042ae017,2024-01-13T20:10:00.000-05:00
183158,OG Anunoby,G-F,NYK,MEM,21.5,Pts+Rebs+Asts,d72a0607-b6ec-4e06-a352-2515042ae017,2024-01-13T20:10:00.000-05:00
183158,OG Anunoby,G-F,NYK,MEM,4.5,Rebounds,d72a0607-b6ec-4e06-a352-2515042ae017,2024-01-13T20:10:00.000-05:00
183158,OG Anunoby,G-F,NYK,MEM,1.5,Blks+Stls,d72a0607-b6ec-4e06-a352-2515042ae017,2024-01-13T20:10:00.000-05:00
180557,Coby White + Devin Vassell,G,CHI/SAS,SAS/CHI,6,3-PT Made (Combo),61e66222-bf20-404b-b387-816d0210b5c7,2024-01-13T20:30:00.000-05:00
184395,DeMar DeRozan + Devin Vassell,G,CHI/SAS,SAS/CHI,44.5,Points (Combo),61e66222-bf20-404b-b387-816d0210b5c7,2024-01-13T20:30:00.000-05:00
1544,Zach LaVine,G,CHI,SAS,10,Rebs+Asts,61e66222-bf20-404b-b387-816d0210b5c7,2024-01-13T20:40:00-05:00
1544,Zach LaVine,G,CHI,SAS,5,Rebounds,61e66222-bf20-404b-b387-816d0210b5c7,2024-01-13T20:40:00-05:00
1544,Zach LaVine,G,CHI,SAS,27,Pts+Rebs,61e66222-bf20-404b-b387-816d0210b5c7,2024-01-13T20:40:00-05:00
1544,Zach LaVine,G,CHI,SAS,2.5,3-PT Made,61e66222-bf20-404b-b387-816d0210b5c7,2024-01-13T20:40:00-05:00
1544,Zach LaVine,G,CHI,SAS,31.5,Pts+Rebs+Asts,61e66222-bf20-404b-b387-816d0210b5c7,2024-01-13T20:40:00-05:00
1544,Zach LaVine,G,CHI,SAS,6.5,3-PT Attempted,61e66222-bf20-404b-b387-816d0210b5c7,2024-01-13T20:40:00-05:00
1544,Zach LaVine,G,CHI,SAS,3.5,Free Throws Made,61e66222-bf20-404b-b387-816d0210b5c7,2024-01-13T20:40:00-05:00
1544,Zach LaVine,G,CHI,SAS,15,FG Attempted,61e66222-bf20-404b-b387-816d0210b5c7,2024-01-13T20:40:00-05:00
1544,Zach LaVine,G,CHI,SAS,36.5,Fantasy Score,61e66222-bf20-404b-b387-816d0210b5c7,2024-01-13T20:40:00-05:00
1544,Zach LaVine,G,CHI,SAS,21.5,Points,61e66222-bf20-404b-b387-816d0210b5c7,2024-01-13T20:40:00-05:00
1544,Zach LaVine,G,CHI,SAS,4.5,Assists,61e66222-bf20-404b-b387-816d0210b5c7,2024-01-13T20:40:00-05:00
1544,Zach LaVine,G,CHI,SAS,26.5,Pts+Asts,61e66222-bf20-404b-b387-816d0210b5c7,2024-01-13T20:40:00-05:00
56347,Devin Vassell,G,SAS,CHI,27.5,Pts+Rebs,61e66222-bf20-404b-b387-816d0210b5c7,2024-01-13T20:40:00-05:00
56347,Devin Vassell,G,SAS,CHI,26.5,Pts+Asts,61e66222-bf20-404b-b387-816d0210b5c7,2024-01-13T20:40:00-05:00
56347,Devin Vassell,G,SAS,CHI,22.5,Points,61e66222-bf20-404b-b387-816d0210b5c7,2024-01-13T20:40:00-05:00
56347,Devin Vassell,G,SAS,CHI,1.5,Blks+Stls,61e66222-bf20-404b-b387-816d0210b5c7,2024-01-13T20:40:00-05:00
56347,Devin Vassell,G,SAS,CHI,1.5,Turnovers,61e66222-bf20-404b-b387-816d0210b5c7,2024-01-13T20:40:00-05:00
56347,Devin Vassell,G,SAS,CHI,30.5,Pts+Rebs+Asts,61e66222-bf20-404b-b387-816d0210b5c7,2024-01-13T20:40:00-05:00
10731,Coby White,G,CHI,SAS,5.5,Assists,61e66222-bf20-404b-b387-816d0210b5c7,2024-01-13T20:40:00-05:00
10731,Coby White,G,CHI,SAS,36,Fantasy Score,61e66222-bf20-404b-b387-816d0210b5c7,2024-01-13T20:40:00-05:00
10731,Coby White,G,CHI,SAS,2.5,Free Throws Made,61e66222-bf20-404b-b387-816d0210b5c7,2024-01-13T20:40:00-05:00
10731,Coby White,G,CHI,SAS,27,Pts+Rebs,61e66222-bf20-404b-b387-816d0210b5c7,2024-01-13T20:40:00-05:00
10731,Coby White,G,CHI,SAS,21.5,Points,61e66222-bf20-404b-b387-816d0210b5c7,2024-01-13T20:40:00-05:00
10731,Coby White,G,CHI,SAS,32.5,Pts+Rebs+Asts,61e66222-bf20-404b-b387-816d0210b5c7,2024-01-13T20:40:00-05:00
10731,Coby White,G,CHI,SAS,17.5,FG Attempted,61e66222-bf20-404b-b387-816d0210b5c7,2024-01-13T20:40:00-05:00
10731,Coby White,G,CHI,SAS,0.5,Steals,61e66222-bf20-404b-b387-816d0210b5c7,2024-01-13T20:40:00-05:00
10731,Coby White,G,CHI,SAS,27.5,Pts+Asts,61e66222-bf20-404b-b387-816d0210b5c7,2024-01-13T20:40:00-05:00
10731,Coby White,G,CHI,SAS,5,Rebounds,61e66222-bf20-404b-b387-816d0210b5c7,2024-01-13T20:40:00-05:00
10731,Coby White,G,CHI,SAS,10.5,Rebs+Asts,61e66222-bf20-404b-b387-816d0210b5c7,2024-01-13T20:40:00-05:00
10731,Coby White,G,CHI,SAS,8,3-PT Attempted,61e66222-bf20-404b-b387-816d0210b5c7,2024-01-13T20:40:00-05:00
59501,Tre Jones,G,SAS,CHI,10.5,Rebs+Asts,61e66222-bf20-404b-b387-816d0210b5c7,2024-01-13T20:40:00-05:00
59501,Tre Jones,G,SAS,CHI,19.5,Pts+Asts,61e66222-bf20-404b-b387-816d0210b5c7,2024-01-13T20:40:00-05:00
59501,Tre Jones,G,SAS,CHI,23.5,Pts+Rebs+Asts,61e66222-bf20-404b-b387-816d0210b5c7,2024-01-13T20:40:00-05:00
59501,Tre Jones,G,SAS,CHI,3.5,Rebounds,61e66222-bf20-404b-b387-816d0210b5c7,2024-01-13T20:40:00-05:00
59501,Tre Jones,G,SAS,CHI,12.5,Points,61e66222-bf20-404b-b387-816d0210b5c7,2024-01-13T20:40:00-05:00
59501,Tre Jones,G,SAS,CHI,0.5,3-PT Made,61e66222-bf20-404b-b387-816d0210b5c7,2024-01-13T20:40:00-05:00
59501,Tre Jones,G,SAS,CHI,16.5,Pts+Rebs,61e66222-bf20-404b-b387-816d0210b5c7,2024-01-13T20:40:00-05:00
37560,Nikola Vucevic,C,CHI,SAS,18,Points,61e66222-bf20-404b-b387-816d0210b5c7,2024-01-13T20:40:00-05:00
37560,Nikola Vucevic,C,CHI,SAS,29.5,Pts+Rebs,61e66222-bf20-404b-b387-816d0210b5c7,2024-01-13T20:40:00-05:00
37560,Nikola Vucevic,C,CHI,SAS,2.5,Offensive Rebounds,61e66222-bf20-404b-b387-816d0210b5c7,2024-01-13T20:40:00-05:00
37560,Nikola Vucevic,C,CHI,SAS,15,FG Attempted,61e66222-bf20-404b-b387-816d0210b5c7,2024-01-13T20:40:00-05:00
37560,Nikola Vucevic,C,CHI,SAS,38,Fantasy Score,61e66222-bf20-404b-b387-816d0210b5c7,2024-01-13T20:40:00-05:00
37560,Nikola Vucevic,C,CHI,SAS,11.5,Rebounds,61e66222-bf20-404b-b387-816d0210b5c7,2024-01-13T20:40:00-05:00
37560,Nikola Vucevic,C,CHI,SAS,9,Defensive Rebounds,61e66222-bf20-404b-b387-816d0210b5c7,2024-01-13T20:40:00-05:00
37560,Nikola Vucevic,C,CHI,SAS,33.5,Pts+Rebs+Asts,61e66222-bf20-404b-b387-816d0210b5c7,2024-01-13T20:40:00-05:00
37560,Nikola Vucevic,C,CHI,SAS,14.5,Rebs+Asts,61e66222-bf20-404b-b387-816d0210b5c7,2024-01-13T20:40:00-05:00
37560,Nikola Vucevic,C,CHI,SAS,0.5,Steals,61e66222-bf20-404b-b387-816d0210b5c7,2024-01-13T20:40:00-05:00
37560,Nikola Vucevic,C,CHI,SAS,1.5,Blks+Stls,61e66222-bf20-404b-b387-816d0210b5c7,2024-01-13T20:40:00-05:00
87612,Jeremy Sochan,F,SAS,CHI,13.5,Points,61e66222-bf20-404b-b387-816d0210b5c7,2024-01-13T20:40:00-05:00
87612,Jeremy Sochan,F,SAS,CHI,6.5,Rebounds,61e66222-bf20-404b-b387-816d0210b5c7,2024-01-13T20:40:00-05:00
87612,Jeremy Sochan,F,SAS,CHI,19.5,Pts+Rebs,61e66222-bf20-404b-b387-816d0210b5c7,2024-01-13T20:40:00-05:00
87612,Jeremy Sochan,F,SAS,CHI,10.5,Rebs+Asts,61e66222-bf20-404b-b387-816d0210b5c7,2024-01-13T20:40:00-05:00
87612,Jeremy Sochan,F,SAS,CHI,17.5,Pts+Asts,61e66222-bf20-404b-b387-816d0210b5c7,2024-01-13T20:40:00-05:00
87612,Jeremy Sochan,F,SAS,CHI,23.5,Pts+Rebs+Asts,61e66222-bf20-404b-b387-816d0210b5c7,2024-01-13T20:40:00-05:00
87612,Jeremy Sochan,F,SAS,CHI,3.5,Assists,61e66222-bf20-404b-b387-816d0210b5c7,2024-01-13T20:40:00-05:00
54957,DeMar DeRozan,G-F,CHI,SAS,30.5,Pts+Rebs+Asts,61e66222-bf20-404b-b387-816d0210b5c7,2024-01-13T20:40:00-05:00
54957,DeMar DeRozan,G-F,CHI,SAS,21.5,Points,61e66222-bf20-404b-b387-816d0210b5c7,2024-01-13T20:40:00-05:00
54957,DeMar DeRozan,G-F,CHI,SAS,26.5,Pts+Asts,61e66222-bf20-404b-b387-816d0210b5c7,2024-01-13T20:40:00-05:00
54957,DeMar DeRozan,G-F,CHI,SAS,16.5,FG Attempted,61e66222-bf20-404b-b387-816d0210b5c7,2024-01-13T20:40:00-05:00
54957,DeMar DeRozan,G-F,CHI,SAS,0.5,Blocked Shots,61e66222-bf20-404b-b387-816d0210b5c7,2024-01-13T20:40:00-05:00
54957,DeMar DeRozan,G-F,CHI,SAS,5,Assists,61e66222-bf20-404b-b387-816d0210b5c7,2024-01-13T20:40:00-05:00
54957,DeMar DeRozan,G-F,CHI,SAS,5.5,Free Throws Made,61e66222-bf20-404b-b387-816d0210b5c7,2024-01-13T20:40:00-05:00
54957,DeMar DeRozan,G-F,CHI,SAS,37.5,Fantasy Score,61e66222-bf20-404b-b387-816d0210b5c7,2024-01-13T20:40:00-05:00
54957,DeMar DeRozan,G-F,CHI,SAS,1.5,Turnovers,61e66222-bf20-404b-b387-816d0210b5c7,2024-01-13T20:40:00-05:00
54957,DeMar DeRozan,G-F,CHI,SAS,9.5,Rebs+Asts,61e66222-bf20-404b-b387-816d0210b5c7,2024-01-13T20:40:00-05:00
54957,DeMar DeRozan,G-F,CHI,SAS,4.5,Rebounds,61e66222-bf20-404b-b387-816d0210b5c7,2024-01-13T20:40:00-05:00
54957,DeMar DeRozan,G-F,CHI,SAS,25.5,Pts+Rebs,61e66222-bf20-404b-b387-816d0210b5c7,2024-01-13T20:40:00-05:00
55140,Keldon Johnson,G-F,SAS,CHI,18.5,Points,61e66222-bf20-404b-b387-816d0210b5c7,2024-01-13T20:40:00-05:00
55140,Keldon Johnson,G-F,SAS,CHI,6,Rebounds,61e66222-bf20-404b-b387-816d0210b5c7,2024-01-13T20:40:00-05:00
55140,Keldon Johnson,G-F,SAS,CHI,27.5,Pts+Rebs+Asts,61e66222-bf20-404b-b387-816d0210b5c7,2024-01-13T20:40:00-05:00
55140,Keldon Johnson,G-F,SAS,CHI,8.5,Rebs+Asts,61e66222-bf20-404b-b387-816d0210b5c7,2024-01-13T20:40:00-05:00
55140,Keldon Johnson,G-F,SAS,CHI,0.5,Steals,61e66222-bf20-404b-b387-816d0210b5c7,2024-01-13T20:40:00-05:00
55140,Keldon Johnson,G-F,SAS,CHI,21.5,Pts+Asts,61e66222-bf20-404b-b387-816d0210b5c7,2024-01-13T20:40:00-05:00
55140,Keldon Johnson,G-F,SAS,CHI,25.5,Pts+Rebs,61e66222-bf20-404b-b387-816d0210b5c7,2024-01-13T20:40:00-05:00
56229,Alex Caruso,G,CHI,SAS,9.5,Points,61e66222-bf20-404b-b387-816d0210b5c7,2024-01-13T20:40:00-05:00
56229,Alex Caruso,G,CHI,SAS,16.5,Pts+Rebs+Asts,61e66222-bf20-404b-b387-816d0210b5c7,2024-01-13T20:40:00-05:00
56229,Alex Caruso,G,CHI,SAS,13.5,Pts+Rebs,61e66222-bf20-404b-b387-816d0210b5c7,2024-01-13T20:40:00-05:00
56229,Alex Caruso,G,CHI,SAS,12.5,Pts+Asts,61e66222-bf20-404b-b387-816d0210b5c7,2024-01-13T20:40:00-05:00
56229,Alex Caruso,G,CHI,SAS,22.5,Fantasy Score,61e66222-bf20-404b-b387-816d0210b5c7,2024-01-13T20:40:00-05:00
174347,Cedi Osman,F,SAS,CHI,10.5,Pts+Rebs,61e66222-bf20-404b-b387-816d0210b5c7,2024-01-13T20:40:00-05:00
174347,Cedi Osman,F,SAS,CHI,7.5,Points,61e66222-bf20-404b-b387-816d0210b5c7,2024-01-13T20:40:00-05:00
79868,Malaki Branham,G,SAS,CHI,7.5,Points,61e66222-bf20-404b-b387-816d0210b5c7,2024-01-13T20:40:00-05:00
79868,Malaki Branham,G,SAS,CHI,10.5,Pts+Rebs,61e66222-bf20-404b-b387-816d0210b5c7,2024-01-13T20:40:00-05:00
88028,Dominick Barlow,F,SAS,CHI,17.5,Pts+Rebs+Asts,61e66222-bf20-404b-b387-816d0210b5c7,2024-01-13T20:40:00-05:00
88028,Dominick Barlow,F,SAS,CHI,15.5,Pts+Rebs,61e66222-bf20-404b-b387-816d0210b5c7,2024-01-13T20:40:00-05:00
88028,Dominick Barlow,F,SAS,CHI,8.5,Points,61e66222-bf20-404b-b387-816d0210b5c7,2024-01-13T20:40:00-05:00
88028,Dominick Barlow,F,SAS,CHI,8.5,Rebs+Asts,61e66222-bf20-404b-b387-816d0210b5c7,2024-01-13T20:40:00-05:00
88028,Dominick Barlow,F,SAS,CHI,6.5,Rebounds,61e66222-bf20-404b-b387-816d0210b5c7,2024-01-13T20:40:00-05:00
96236,Kyrie Irving,G,DAL,NOP,46.5,Pts+Rebs+Asts,2aa3f04c-02e4-4c14-afa5-66a95d8bd75b,2024-01-13T20:40:00-05:00
96236,Kyrie Irving,G,DAL,NOP,38.5,Pts+Asts,2aa3f04c-02e4-4c14-afa5-66a95d8bd75b,2024-01-13T20:40:00-05:00
96236,Kyrie Irving,G,DAL,NOP,53.5,Fantasy Score,2aa3f04c-02e4-4c14-afa5-66a95d8bd75b,2024-01-13T20:40:00-05:00
96236,Kyrie Irving,G,DAL,NOP,13.5,Rebs+Asts,2aa3f04c-02e4-4c14-afa5-66a95d8bd75b,2024-01-13T20:40:00-05:00
96236,Kyrie Irving,G,DAL,NOP,38.5,Pts+Rebs,2aa3f04c-02e4-4c14-afa5-66a95d8bd75b,2024-01-13T20:40:00-05:00
96236,Kyrie Irving,G,DAL,NOP,32.5,Points,2aa3f04c-02e4-4c14-afa5-66a95d8bd75b,2024-01-13T20:40:00-05:00
96236,Kyrie Irving,G,DAL,NOP,7,Assists,2aa3f04c-02e4-4c14-afa5-66a95d8bd75b,2024-01-13T20:40:00-05:00
96236,Kyrie Irving,G,DAL,NOP,6,Rebounds,2aa3f04c-02e4-4c14-afa5-66a95d8bd75b,2024-01-13T20:40:00-05:00
1287,Brandon Ingram,F,NOP,DAL,5,Rebounds,2aa3f04c-02e4-4c14-afa5-66a95d8bd75b,2024-01-13T20:40:00-05:00
1287,Brandon Ingram,F,NOP,DAL,31.5,Pts+Asts,2aa3f04c-02e4-4c14-afa5-66a95d8bd75b,2024-01-13T20:40:00-05:00
1287,Brandon Ingram,F,NOP,DAL,6.5,Assists,2aa3f04c-02e4-4c14-afa5-66a95d8bd75b,2024-01-13T20:40:00-05:00
1287,Brandon Ingram,F,NOP,DAL,30.5,Pts+Rebs,2aa3f04c-02e4-4c14-afa5-66a95d8bd75b,2024-01-13T20:40:00-05:00
1287,Brandon Ingram,F,NOP,DAL,42,Fantasy Score,2aa3f04c-02e4-4c14-afa5-66a95d8bd75b,2024-01-13T20:40:00-05:00
1287,Brandon Ingram,F,NOP,DAL,24.5,Points,2aa3f04c-02e4-4c14-afa5-66a95d8bd75b,2024-01-13T20:40:00-05:00
1287,Brandon Ingram,F,NOP,DAL,12,Rebs+Asts,2aa3f04c-02e4-4c14-afa5-66a95d8bd75b,2024-01-13T20:40:00-05:00
1287,Brandon Ingram,F,NOP,DAL,36.5,Pts+Rebs+Asts,2aa3f04c-02e4-4c14-afa5-66a95d8bd75b,2024-01-13T20:40:00-05:00
1379,Tim Hardaway Jr.,G-F,DAL,NOP,2.5,Assists,2aa3f04c-02e4-4c14-afa5-66a95d8bd75b,2024-01-13T20:40:00-05:00
1379,Tim Hardaway Jr.,G-F,DAL,NOP,32.5,Fantasy Score,2aa3f04c-02e4-4c14-afa5-66a95d8bd75b,2024-01-13T20:40:00-05:00
1379,Tim Hardaway Jr.,G-F,DAL,NOP,21.5,Points,2aa3f04c-02e4-4c14-afa5-66a95d8bd75b,2024-01-13T20:40:00-05:00
1379,Tim Hardaway Jr.,G-F,DAL,NOP,1.5,Turnovers,2aa3f04c-02e4-4c14-afa5-66a95d8bd75b,2024-01-13T20:40:00-05:00
1379,Tim Hardaway Jr.,G-F,DAL,NOP,7.5,Rebs+Asts,2aa3f04c-02e4-4c14-afa5-66a95d8bd75b,2024-01-13T20:40:00-05:00
1379,Tim Hardaway Jr.,G-F,DAL,NOP,28.5,Pts+Rebs+Asts,2aa3f04c-02e4-4c14-afa5-66a95d8bd75b,2024-01-13T20:40:00-05:00
1379,Tim Hardaway Jr.,G-F,DAL,NOP,26.5,Pts+Rebs,2aa3f04c-02e4-4c14-afa5-66a95d8bd75b,2024-01-13T20:40:00-05:00
1379,Tim Hardaway Jr.,G-F,DAL,NOP,0.5,Steals,2aa3f04c-02e4-4c14-afa5-66a95d8bd75b,2024-01-13T20:40:00-05:00
1379,Tim Hardaway Jr.,G-F,DAL,NOP,23.5,Pts+Asts,2aa3f04c-02e4-4c14-afa5-66a95d8bd75b,2024-01-13T20:40:00-05:00
59930,CJ McCollum,G,NOP,DAL,38,Fantasy Score,2aa3f04c-02e4-4c14-afa5-66a95d8bd75b,2024-01-13T20:40:00-05:00
59930,CJ McCollum,G,NOP,DAL,23,Points,2aa3f04c-02e4-4c14-afa5-66a95d8bd75b,2024-01-13T20:40:00-05:00
59930,CJ McCollum,G,NOP,DAL,33.5,Pts+Rebs+Asts,2aa3f04c-02e4-4c14-afa5-66a95d8bd75b,2024-01-13T20:40:00-05:00
59930,CJ McCollum,G,NOP,DAL,10,Rebs+Asts,2aa3f04c-02e4-4c14-afa5-66a95d8bd75b,2024-01-13T20:40:00-05:00
59930,CJ McCollum,G,NOP,DAL,5.5,Assists,2aa3f04c-02e4-4c14-afa5-66a95d8bd75b,2024-01-13T20:40:00-05:00
59930,CJ McCollum,G,NOP,DAL,4.5,Rebounds,2aa3f04c-02e4-4c14-afa5-66a95d8bd75b,2024-01-13T20:40:00-05:00
59930,CJ McCollum,G,NOP,DAL,27.5,Pts+Rebs,2aa3f04c-02e4-4c14-afa5-66a95d8bd75b,2024-01-13T20:40:00-05:00
59930,CJ McCollum,G,NOP,DAL,28.5,Pts+Asts,2aa3f04c-02e4-4c14-afa5-66a95d8bd75b,2024-01-13T20:40:00-05:00
59930,CJ McCollum,G,NOP,DAL,3.5,3-PT Made,2aa3f04c-02e4-4c14-afa5-66a95d8bd75b,2024-01-13T20:40:00-05:00
174354,Derrick Jones Jr.,F,DAL,NOP,18.5,Pts+Rebs+Asts,2aa3f04c-02e4-4c14-afa5-66a95d8bd75b,2024-01-13T20:40:00-05:00
174354,Derrick Jones Jr.,F,DAL,NOP,5,Rebounds,2aa3f04c-02e4-4c14-afa5-66a95d8bd75b,2024-01-13T20:40:00-05:00
174354,Derrick Jones Jr.,F,DAL,NOP,12,Points,2aa3f04c-02e4-4c14-afa5-66a95d8bd75b,2024-01-13T20:40:00-05:00
174354,Derrick Jones Jr.,F,DAL,NOP,25.5,Fantasy Score,2aa3f04c-02e4-4c14-afa5-66a95d8bd75b,2024-01-13T20:40:00-05:00
56913,Herbert Jones,G-F,NOP,DAL,4,Rebounds,2aa3f04c-02e4-4c14-afa5-66a95d8bd75b,2024-01-13T20:40:00-05:00
56913,Herbert Jones,G-F,NOP,DAL,1.5,3-PT Made,2aa3f04c-02e4-4c14-afa5-66a95d8bd75b,2024-01-13T20:40:00-05:00
56913,Herbert Jones,G-F,NOP,DAL,13.5,Points,2aa3f04c-02e4-4c14-afa5-66a95d8bd75b,2024-01-13T20:40:00-05:00
56913,Herbert Jones,G-F,NOP,DAL,20.5,Pts+Rebs+Asts,2aa3f04c-02e4-4c14-afa5-66a95d8bd75b,2024-01-13T20:40:00-05:00
56913,Herbert Jones,G-F,NOP,DAL,17.5,Pts+Rebs,2aa3f04c-02e4-4c14-afa5-66a95d8bd75b,2024-01-13T20:40:00-05:00
56913,Herbert Jones,G-F,NOP,DAL,16.5,Pts+Asts,2aa3f04c-02e4-4c14-afa5-66a95d8bd75b,2024-01-13T20:40:00-05:00
25436,Josh Green,G,DAL,NOP,13.5,Pts+Rebs,2aa3f04c-02e4-4c14-afa5-66a95d8bd75b,2024-01-13T20:40:00-05:00
25436,Josh Green,G,DAL,NOP,12.5,Pts+Asts,2aa3f04c-02e4-4c14-afa5-66a95d8bd75b,2024-01-13T20:40:00-05:00
25436,Josh Green,G,DAL,NOP,9.5,Points,2aa3f04c-02e4-4c14-afa5-66a95d8bd75b,2024-01-13T20:40:00-05:00
25436,Josh Green,G,DAL,NOP,17.5,Pts+Rebs+Asts,2aa3f04c-02e4-4c14-afa5-66a95d8bd75b,2024-01-13T20:40:00-05:00
25436,Josh Green,G,DAL,NOP,3.5,Assists,2aa3f04c-02e4-4c14-afa5-66a95d8bd75b,2024-01-13T20:40:00-05:00
54160,Jonas Valanciunas,C,NOP,DAL,14,Rebs+Asts,2aa3f04c-02e4-4c14-afa5-66a95d8bd75b,2024-01-13T20:40:00-05:00
54160,Jonas Valanciunas,C,NOP,DAL,19.5,Points,2aa3f04c-02e4-4c14-afa5-66a95d8bd75b,2024-01-13T20:40:00-05:00
54160,Jonas Valanciunas,C,NOP,DAL,33.5,Pts+Rebs+Asts,2aa3f04c-02e4-4c14-afa5-66a95d8bd75b,2024-01-13T20:40:00-05:00
54160,Jonas Valanciunas,C,NOP,DAL,11,Rebounds,2aa3f04c-02e4-4c14-afa5-66a95d8bd75b,2024-01-13T20:40:00-05:00
54160,Jonas Valanciunas,C,NOP,DAL,22.5,Pts+Asts,2aa3f04c-02e4-4c14-afa5-66a95d8bd75b,2024-01-13T20:40:00-05:00
54160,Jonas Valanciunas,C,NOP,DAL,31.5,Pts+Rebs,2aa3f04c-02e4-4c14-afa5-66a95d8bd75b,2024-01-13T20:40:00-05:00
174226,Grant Williams,F,DAL,NOP,7.5,Points,2aa3f04c-02e4-4c14-afa5-66a95d8bd75b,2024-01-13T20:40:00-05:00
89272,Dyson Daniels,G,NOP,DAL,9.5,Points,2aa3f04c-02e4-4c14-afa5-66a95d8bd75b,2024-01-13T20:40:00-05:00
89272,Dyson Daniels,G,NOP,DAL,19.5,Pts+Rebs+Asts,2aa3f04c-02e4-4c14-afa5-66a95d8bd75b,2024-01-13T20:40:00-05:00
89272,Dyson Daniels,G,NOP,DAL,15.5,Pts+Rebs,2aa3f04c-02e4-4c14-afa5-66a95d8bd75b,2024-01-13T20:40:00-05:00
89272,Dyson Daniels,G,NOP,DAL,5,Assists,2aa3f04c-02e4-4c14-afa5-66a95d8bd75b,2024-01-13T20:40:00-05:00
89272,Dyson Daniels,G,NOP,DAL,14.5,Pts+Asts,2aa3f04c-02e4-4c14-afa5-66a95d8bd75b,2024-01-13T20:40:00-05:00
89272,Dyson Daniels,G,NOP,DAL,5,Rebounds,2aa3f04c-02e4-4c14-afa5-66a95d8bd75b,2024-01-13T20:40:00-05:00
79952,Jaden Hardy,G,DAL,NOP,10.5,Points,2aa3f04c-02e4-4c14-afa5-66a95d8bd75b,2024-01-13T20:40:00-05:00
79952,Jaden Hardy,G,DAL,NOP,2.5,Rebounds,2aa3f04c-02e4-4c14-afa5-66a95d8bd75b,2024-01-13T20:40:00-05:00
79952,Jaden Hardy,G,DAL,NOP,12.5,Pts+Asts,2aa3f04c-02e4-4c14-afa5-66a95d8bd75b,2024-01-13T20:40:00-05:00
79952,Jaden Hardy,G,DAL,NOP,12.5,Pts+Rebs,2aa3f04c-02e4-4c14-afa5-66a95d8bd75b,2024-01-13T20:40:00-05:00
79926,Lauri Markkanen,F-C,UTA,LAL,39,Fantasy Score,20b9963f-5562-4129-a164-8f28df9c292c,2024-01-13T21:40:00-05:00
79926,Lauri Markkanen,F-C,UTA,LAL,23.5,Points,20b9963f-5562-4129-a164-8f28df9c292c,2024-01-13T21:40:00-05:00
79926,Lauri Markkanen,F-C,UTA,LAL,8.5,Rebounds,20b9963f-5562-4129-a164-8f28df9c292c,2024-01-13T21:40:00-05:00
79926,Lauri Markkanen,F-C,UTA,LAL,34.5,Pts+Rebs+Asts,20b9963f-5562-4129-a164-8f28df9c292c,2024-01-13T21:40:00-05:00
79926,Lauri Markkanen,F-C,UTA,LAL,32.5,Pts+Rebs,20b9963f-5562-4129-a164-8f28df9c292c,2024-01-13T21:40:00-05:00
79926,Lauri Markkanen,F-C,UTA,LAL,10.5,Rebs+Asts,20b9963f-5562-4129-a164-8f28df9c292c,2024-01-13T21:40:00-05:00
79926,Lauri Markkanen,F-C,UTA,LAL,4,Free Throws Made,20b9963f-5562-4129-a164-8f28df9c292c,2024-01-13T21:40:00-05:00
79926,Lauri Markkanen,F-C,UTA,LAL,25.5,Pts+Asts,20b9963f-5562-4129-a164-8f28df9c292c,2024-01-13T21:40:00-05:00
87500,Collin Sexton,G,UTA,LAL,18.5,Points,20b9963f-5562-4129-a164-8f28df9c292c,2024-01-13T21:40:00-05:00
87500,Collin Sexton,G,UTA,LAL,22.5,Pts+Asts,20b9963f-5562-4129-a164-8f28df9c292c,2024-01-13T21:40:00-05:00
1382,Anthony Davis,F-C,LAL,UTA,36.5,Pts+Asts,20b9963f-5562-4129-a164-8f28df9c292c,2024-01-13T21:40:00-05:00
1382,Anthony Davis,F-C,LAL,UTA,12,Rebounds,20b9963f-5562-4129-a164-8f28df9c292c,2024-01-13T21:40:00-05:00
87500,Collin Sexton,G,UTA,LAL,24.5,Pts+Rebs+Asts,20b9963f-5562-4129-a164-8f28df9c292c,2024-01-13T21:40:00-05:00
1382,Anthony Davis,F-C,LAL,UTA,31.5,Points,20b9963f-5562-4129-a164-8f28df9c292c,2024-01-13T21:40:00-05:00
1382,Anthony Davis,F-C,LAL,UTA,15.6,Rebs+Asts,20b9963f-5562-4129-a164-8f28df9c292c,2024-01-13T21:40:00-05:00
1382,Anthony Davis,F-C,LAL,UTA,4.5,Assists,20b9963f-5562-4129-a164-8f28df9c292c,2024-01-13T21:40:00-05:00
1382,Anthony Davis,F-C,LAL,UTA,7,Free Throws Made,20b9963f-5562-4129-a164-8f28df9c292c,2024-01-13T21:40:00-05:00
1382,Anthony Davis,F-C,LAL,UTA,43.5,Pts+Rebs,20b9963f-5562-4129-a164-8f28df9c292c,2024-01-13T21:40:00-05:00
1382,Anthony Davis,F-C,LAL,UTA,48.5,Pts+Rebs+Asts,20b9963f-5562-4129-a164-8f28df9c292c,2024-01-13T21:40:00-05:00
87500,Collin Sexton,G,UTA,LAL,20.5,Pts+Rebs,20b9963f-5562-4129-a164-8f28df9c292c,2024-01-13T21:40:00-05:00
150850,Taurean Prince,F,LAL,UTA,15.5,Pts+Asts,20b9963f-5562-4129-a164-8f28df9c292c,2024-01-13T21:40:00-05:00
1382,Anthony Davis,F-C,LAL,UTA,61,Fantasy Score,20b9963f-5562-4129-a164-8f28df9c292c,2024-01-13T21:40:00-05:00
173123,John Collins,F-C,UTA,LAL,18.5,Pts+Rebs,20b9963f-5562-4129-a164-8f28df9c292c,2024-01-13T21:40:00-05:00
173123,John Collins,F-C,UTA,LAL,13.5,Pts+Asts,20b9963f-5562-4129-a164-8f28df9c292c,2024-01-13T21:40:00-05:00
79926,Lauri Markkanen,F-C,UTA,LAL,0.5,Blocked Shots,20b9963f-5562-4129-a164-8f28df9c292c,2024-01-13T21:40:00-05:00
87500,Collin Sexton,G,UTA,LAL,28,Fantasy Score,20b9963f-5562-4129-a164-8f28df9c292c,2024-01-13T21:40:00-05:00
87500,Collin Sexton,G,UTA,LAL,3.5,Free Throws Made,20b9963f-5562-4129-a164-8f28df9c292c,2024-01-13T21:40:00-05:00
150850,Taurean Prince,F,LAL,UTA,24,Fantasy Score,20b9963f-5562-4129-a164-8f28df9c292c,2024-01-13T21:40:00-05:00
88346,Simone Fontecchio,F,UTA,LAL,9,Points,20b9963f-5562-4129-a164-8f28df9c292c,2024-01-13T21:40:00-05:00
150850,Taurean Prince,F,LAL,UTA,0.5,Free Throws Made,20b9963f-5562-4129-a164-8f28df9c292c,2024-01-13T21:40:00-05:00
150850,Taurean Prince,F,LAL,UTA,16.5,Pts+Rebs,20b9963f-5562-4129-a164-8f28df9c292c,2024-01-13T21:40:00-05:00
88346,Simone Fontecchio,F,UTA,LAL,12.5,Pts+Rebs,20b9963f-5562-4129-a164-8f28df9c292c,2024-01-13T21:40:00-05:00
88346,Simone Fontecchio,F,UTA,LAL,10.5,Pts+Asts,20b9963f-5562-4129-a164-8f28df9c292c,2024-01-13T21:40:00-05:00
150850,Taurean Prince,F,LAL,UTA,3.5,Rebounds,20b9963f-5562-4129-a164-8f28df9c292c,2024-01-13T21:40:00-05:00
150850,Taurean Prince,F,LAL,UTA,12.5,Points,20b9963f-5562-4129-a164-8f28df9c292c,2024-01-13T21:40:00-05:00
173123,John Collins,F-C,UTA,LAL,1.5,Free Throws Made,20b9963f-5562-4129-a164-8f28df9c292c,2024-01-13T21:40:00-05:00
173123,John Collins,F-C,UTA,LAL,23.5,Fantasy Score,20b9963f-5562-4129-a164-8f28df9c292c,2024-01-13T21:40:00-05:00
173123,John Collins,F-C,UTA,LAL,20,Pts+Rebs+Asts,20b9963f-5562-4129-a164-8f28df9c292c,2024-01-13T21:40:00-05:00
173123,John Collins,F-C,UTA,LAL,0.5,Blocked Shots,20b9963f-5562-4129-a164-8f28df9c292c,2024-01-13T21:40:00-05:00
173123,John Collins,F-C,UTA,LAL,6,Rebounds,20b9963f-5562-4129-a164-8f28df9c292c,2024-01-13T21:40:00-05:00
173123,John Collins,F-C,UTA,LAL,12.5,Points,20b9963f-5562-4129-a164-8f28df9c292c,2024-01-13T21:40:00-05:00
55934,Austin Reaves,G,LAL,UTA,32.5,Pts+Rebs+Asts,20b9963f-5562-4129-a164-8f28df9c292c,2024-01-13T21:40:00-05:00
55934,Austin Reaves,G,LAL,UTA,28.5,Pts+Asts,20b9963f-5562-4129-a164-8f28df9c292c,2024-01-13T21:40:00-05:00
55934,Austin Reaves,G,LAL,UTA,24.5,Pts+Rebs,20b9963f-5562-4129-a164-8f28df9c292c,2024-01-13T21:40:00-05:00
55934,Austin Reaves,G,LAL,UTA,8,Assists,20b9963f-5562-4129-a164-8f28df9c292c,2024-01-13T21:40:00-05:00
55934,Austin Reaves,G,LAL,UTA,38,Fantasy Score,20b9963f-5562-4129-a164-8f28df9c292c,2024-01-13T21:40:00-05:00
55934,Austin Reaves,G,LAL,UTA,20,Points,20b9963f-5562-4129-a164-8f28df9c292c,2024-01-13T21:40:00-05:00
55934,Austin Reaves,G,LAL,UTA,12.5,Rebs+Asts,20b9963f-5562-4129-a164-8f28df9c292c,2024-01-13T21:40:00-05:00
55934,Austin Reaves,G,LAL,UTA,4.5,Free Throws Made,20b9963f-5562-4129-a164-8f28df9c292c,2024-01-13T21:40:00-05:00
174603,Cam Reddish,F-G,LAL,UTA,9,Points,20b9963f-5562-4129-a164-8f28df9c292c,2024-01-13T21:40:00-05:00
174603,Cam Reddish,F-G,LAL,UTA,2.5,Rebounds,20b9963f-5562-4129-a164-8f28df9c292c,2024-01-13T21:40:00-05:00
1552,Jordan Clarkson,G,UTA,LAL,21.5,Pts+Rebs,20b9963f-5562-4129-a164-8f28df9c292c,2024-01-13T21:40:00-05:00
1552,Jordan Clarkson,G,UTA,LAL,27.5,Pts+Rebs+Asts,20b9963f-5562-4129-a164-8f28df9c292c,2024-01-13T21:40:00-05:00
1552,Jordan Clarkson,G,UTA,LAL,5.5,Assists,20b9963f-5562-4129-a164-8f28df9c292c,2024-01-13T21:40:00-05:00
1552,Jordan Clarkson,G,UTA,LAL,23.5,Pts+Asts,20b9963f-5562-4129-a164-8f28df9c292c,2024-01-13T21:40:00-05:00
1552,Jordan Clarkson,G,UTA,LAL,18.5,Points,20b9963f-5562-4129-a164-8f28df9c292c,2024-01-13T21:40:00-05:00
1552,Jordan Clarkson,G,UTA,LAL,2.5,Turnovers,20b9963f-5562-4129-a164-8f28df9c292c,2024-01-13T21:40:00-05:00
1552,Jordan Clarkson,G,UTA,LAL,9,Rebs+Asts,20b9963f-5562-4129-a164-8f28df9c292c,2024-01-13T21:40:00-05:00
175137,Keyonte George,G,UTA,LAL,9.5,Points,20b9963f-5562-4129-a164-8f28df9c292c,2024-01-13T21:40:00-05:00
175137,Keyonte George,G,UTA,LAL,12.5,Pts+Asts,20b9963f-5562-4129-a164-8f28df9c292c,2024-01-13T21:40:00-05:00
175137,Keyonte George,G,UTA,LAL,1.5,Turnovers,20b9963f-5562-4129-a164-8f28df9c292c,2024-01-13T21:40:00-05:00
175137,Keyonte George,G,UTA,LAL,1.5,3-PT Made,20b9963f-5562-4129-a164-8f28df9c292c,2024-01-13T21:40:00-05:00
175137,Keyonte George,G,UTA,LAL,11.5,Pts+Rebs,20b9963f-5562-4129-a164-8f28df9c292c,2024-01-13T21:40:00-05:00
79861,Walker Kessler,C,UTA,LAL,8,Points,20b9963f-5562-4129-a164-8f28df9c292c,2024-01-13T21:40:00-05:00
79861,Walker Kessler,C,UTA,LAL,0.5,Turnovers,20b9963f-5562-4129-a164-8f28df9c292c,2024-01-13T21:40:00-05:00
79861,Walker Kessler,C,UTA,LAL,6.5,Rebounds,20b9963f-5562-4129-a164-8f28df9c292c,2024-01-13T21:40:00-05:00
79861,Walker Kessler,C,UTA,LAL,14.5,Pts+Rebs,20b9963f-5562-4129-a164-8f28df9c292c,2024-01-13T21:40:00-05:00
87403,Kelly Olynyk,F-C,UTA,LAL,8.5,Rebs+Asts,20b9963f-5562-4129-a164-8f28df9c292c,2024-01-13T21:40:00-05:00
87403,Kelly Olynyk,F-C,UTA,LAL,3.5,Assists,20b9963f-5562-4129-a164-8f28df9c292c,2024-01-13T21:40:00-05:00
87403,Kelly Olynyk,F-C,UTA,LAL,0.5,Steals,20b9963f-5562-4129-a164-8f28df9c292c,2024-01-13T21:40:00-05:00
87403,Kelly Olynyk,F-C,UTA,LAL,4.5,Rebounds,20b9963f-5562-4129-a164-8f28df9c292c,2024-01-13T21:40:00-05:00
87403,Kelly Olynyk,F-C,UTA,LAL,6.5,Points,20b9963f-5562-4129-a164-8f28df9c292c,2024-01-13T21:40:00-05:00
87403,Kelly Olynyk,F-C,UTA,LAL,11.5,Pts+Rebs,20b9963f-5562-4129-a164-8f28df9c292c,2024-01-13T21:40:00-05:00
87403,Kelly Olynyk,F-C,UTA,LAL,10.5,Pts+Asts,20b9963f-5562-4129-a164-8f28df9c292c,2024-01-13T21:40:00-05:00
1382,Anthony Davis,F-C,LAL,UTA,61,Fantasy Score,20b9963f-5562-4129-a164-8f28df9c292c,2024-01-13T21:40:00.000-05:00
1382,Anthony Davis,F-C,LAL,UTA,4.5,Assists,20b9963f-5562-4129-a164-8f28df9c292c,2024-01-13T21:40:00.000-05:00
1382,Anthony Davis,F-C,LAL,UTA,36.5,Pts+Asts,20b9963f-5562-4129-a164-8f28df9c292c,2024-01-13T21:40:00.000-05:00
1382,Anthony Davis,F-C,LAL,UTA,48.5,Pts+Rebs+Asts,20b9963f-5562-4129-a164-8f28df9c292c,2024-01-13T21:40:00.000-05:00
1382,Anthony Davis,F-C,LAL,UTA,7,Free Throws Made,20b9963f-5562-4129-a164-8f28df9c292c,2024-01-13T21:40:00.000-05:00
1382,Anthony Davis,F-C,LAL,UTA,21,FG Attempted,20b9963f-5562-4129-a164-8f28df9c292c,2024-01-13T21:40:00.000-05:00
1382,Anthony Davis,F-C,LAL,UTA,31.5,Points,20b9963f-5562-4129-a164-8f28df9c292c,2024-01-13T21:40:00.000-05:00
1382,Anthony Davis,F-C,LAL,UTA,43.5,Pts+Rebs,20b9963f-5562-4129-a164-8f28df9c292c,2024-01-13T21:40:00.000-05:00
1382,Anthony Davis,F-C,LAL,UTA,2.5,Dunks,20b9963f-5562-4129-a164-8f28df9c292c,2024-01-13T21:40:00.000-05:00
1382,Anthony Davis,F-C,LAL,UTA,12,Rebounds,20b9963f-5562-4129-a164-8f28df9c292c,2024-01-13T21:40:00.000-05:00
1382,Anthony Davis,F-C,LAL,UTA,15.6,Rebs+Asts,20b9963f-5562-4129-a164-8f28df9c292c,2024-01-13T21:40:00.000-05:00
55934,Austin Reaves,G,LAL,UTA,32.5,Pts+Rebs+Asts,20b9963f-5562-4129-a164-8f28df9c292c,2024-01-13T21:40:00.000-05:00
55934,Austin Reaves,G,LAL,UTA,8,Assists,20b9963f-5562-4129-a164-8f28df9c292c,2024-01-13T21:40:00.000-05:00
55934,Austin Reaves,G,LAL,UTA,20,Points,20b9963f-5562-4129-a164-8f28df9c292c,2024-01-13T21:40:00.000-05:00
55934,Austin Reaves,G,LAL,UTA,38,Fantasy Score,20b9963f-5562-4129-a164-8f28df9c292c,2024-01-13T21:40:00.000-05:00
55934,Austin Reaves,G,LAL,UTA,12.5,Rebs+Asts,20b9963f-5562-4129-a164-8f28df9c292c,2024-01-13T21:40:00.000-05:00
55934,Austin Reaves,G,LAL,UTA,24,Pts+Rebs,20b9963f-5562-4129-a164-8f28df9c292c,2024-01-13T21:40:00.000-05:00
55934,Austin Reaves,G,LAL,UTA,5,3-PT Attempted,20b9963f-5562-4129-a164-8f28df9c292c,2024-01-13T21:40:00.000-05:00
55934,Austin Reaves,G,LAL,UTA,4.5,Free Throws Made,20b9963f-5562-4129-a164-8f28df9c292c,2024-01-13T21:40:00.000-05:00
55934,Austin Reaves,G,LAL,UTA,28.5,Pts+Asts,20b9963f-5562-4129-a164-8f28df9c292c,2024-01-13T21:40:00.000-05:00
174603,Cam Reddish,F-G,LAL,UTA,11.5,Pts+Asts,20b9963f-5562-4129-a164-8f28df9c292c,2024-01-13T21:40:00.000-05:00
174603,Cam Reddish,F-G,LAL,UTA,9,Points,20b9963f-5562-4129-a164-8f28df9c292c,2024-01-13T21:40:00.000-05:00
174603,Cam Reddish,F-G,LAL,UTA,13.5,Pts+Rebs+Asts,20b9963f-5562-4129-a164-8f28df9c292c,2024-01-13T21:40:00.000-05:00
174603,Cam Reddish,F-G,LAL,UTA,11.5,Pts+Rebs,20b9963f-5562-4129-a164-8f28df9c292c,2024-01-13T21:40:00.000-05:00
174603,Cam Reddish,F-G,LAL,UTA,2.5,Rebounds,20b9963f-5562-4129-a164-8f28df9c292c,2024-01-13T21:40:00.000-05:00
87500,Collin Sexton,G,UTA,LAL,18.5,Points,20b9963f-5562-4129-a164-8f28df9c292c,2024-01-13T21:40:00.000-05:00
87500,Collin Sexton,G,UTA,LAL,20.5,Pts+Rebs,20b9963f-5562-4129-a164-8f28df9c292c,2024-01-13T21:40:00.000-05:00
87500,Collin Sexton,G,UTA,LAL,22.5,Pts+Asts,20b9963f-5562-4129-a164-8f28df9c292c,2024-01-13T21:40:00.000-05:00
87500,Collin Sexton,G,UTA,LAL,24.5,Pts+Rebs+Asts,20b9963f-5562-4129-a164-8f28df9c292c,2024-01-13T21:40:00.000-05:00
87500,Collin Sexton,G,UTA,LAL,3.5,Free Throws Made,20b9963f-5562-4129-a164-8f28df9c292c,2024-01-13T21:40:00.000-05:00
87500,Collin Sexton,G,UTA,LAL,28,Fantasy Score,20b9963f-5562-4129-a164-8f28df9c292c,2024-01-13T21:40:00.000-05:00
173123,John Collins,F-C,UTA,LAL,13.5,Pts+Asts,20b9963f-5562-4129-a164-8f28df9c292c,2024-01-13T21:40:00.000-05:00
173123,John Collins,F-C,UTA,LAL,18.5,Pts+Rebs,20b9963f-5562-4129-a164-8f28df9c292c,2024-01-13T21:40:00.000-05:00
173123,John Collins,F-C,UTA,LAL,6,Rebounds,20b9963f-5562-4129-a164-8f28df9c292c,2024-01-13T21:40:00.000-05:00
173123,John Collins,F-C,UTA,LAL,1.5,Free Throws Made,20b9963f-5562-4129-a164-8f28df9c292c,2024-01-13T21:40:00.000-05:00
173123,John Collins,F-C,UTA,LAL,20,Pts+Rebs+Asts,20b9963f-5562-4129-a164-8f28df9c292c,2024-01-13T21:40:00.000-05:00
173123,John Collins,F-C,UTA,LAL,12.5,Points,20b9963f-5562-4129-a164-8f28df9c292c,2024-01-13T21:40:00.000-05:00
173123,John Collins,F-C,UTA,LAL,0.5,Blocked Shots,20b9963f-5562-4129-a164-8f28df9c292c,2024-01-13T21:40:00.000-05:00
173123,John Collins,F-C,UTA,LAL,23.5,Fantasy Score,20b9963f-5562-4129-a164-8f28df9c292c,2024-01-13T21:40:00.000-05:00
1552,Jordan Clarkson,G,UTA,LAL,9,Rebs+Asts,20b9963f-5562-4129-a164-8f28df9c292c,2024-01-13T21:40:00.000-05:00
1552,Jordan Clarkson,G,UTA,LAL,23.5,Pts+Asts,20b9963f-5562-4129-a164-8f28df9c292c,2024-01-13T21:40:00.000-05:00
1552,Jordan Clarkson,G,UTA,LAL,2.5,Turnovers,20b9963f-5562-4129-a164-8f28df9c292c,2024-01-13T21:40:00.000-05:00
1552,Jordan Clarkson,G,UTA,LAL,21.5,Pts+Rebs,20b9963f-5562-4129-a164-8f28df9c292c,2024-01-13T21:40:00.000-05:00
1552,Jordan Clarkson,G,UTA,LAL,27.5,Pts+Rebs+Asts,20b9963f-5562-4129-a164-8f28df9c292c,2024-01-13T21:40:00.000-05:00
1552,Jordan Clarkson,G,UTA,LAL,5.5,Assists,20b9963f-5562-4129-a164-8f28df9c292c,2024-01-13T21:40:00.000-05:00
1552,Jordan Clarkson,G,UTA,LAL,18.5,Points,20b9963f-5562-4129-a164-8f28df9c292c,2024-01-13T21:40:00.000-05:00
87403,Kelly Olynyk,F-C,UTA,LAL,11.5,Pts+Rebs,20b9963f-5562-4129-a164-8f28df9c292c,2024-01-13T21:40:00.000-05:00
87403,Kelly Olynyk,F-C,UTA,LAL,0.5,Steals,20b9963f-5562-4129-a164-8f28df9c292c,2024-01-13T21:40:00.000-05:00
87403,Kelly Olynyk,F-C,UTA,LAL,3.5,Assists,20b9963f-5562-4129-a164-8f28df9c292c,2024-01-13T21:40:00.000-05:00
87403,Kelly Olynyk,F-C,UTA,LAL,6.5,Points,20b9963f-5562-4129-a164-8f28df9c292c,2024-01-13T21:40:00.000-05:00
87403,Kelly Olynyk,F-C,UTA,LAL,10.5,Pts+Asts,20b9963f-5562-4129-a164-8f28df9c292c,2024-01-13T21:40:00.000-05:00
87403,Kelly Olynyk,F-C,UTA,LAL,4.5,Rebounds,20b9963f-5562-4129-a164-8f28df9c292c,2024-01-13T21:40:00.000-05:00
175137,Keyonte George,G,UTA,LAL,11.5,Pts+Rebs,20b9963f-5562-4129-a164-8f28df9c292c,2024-01-13T21:40:00.000-05:00
175137,Keyonte George,G,UTA,LAL,1.5,Turnovers,20b9963f-5562-4129-a164-8f28df9c292c,2024-01-13T21:40:00.000-05:00
175137,Keyonte George,G,UTA,LAL,9.5,Points,20b9963f-5562-4129-a164-8f28df9c292c,2024-01-13T21:40:00.000-05:00
175137,Keyonte George,G,UTA,LAL,1.5,3-PT Made,20b9963f-5562-4129-a164-8f28df9c292c,2024-01-13T21:40:00.000-05:00
175137,Keyonte George,G,UTA,LAL,12.5,Pts+Asts,20b9963f-5562-4129-a164-8f28df9c292c,2024-01-13T21:40:00.000-05:00
79926,Lauri Markkanen,F-C,UTA,LAL,34.5,Pts+Rebs+Asts,20b9963f-5562-4129-a164-8f28df9c292c,2024-01-13T21:40:00.000-05:00
79926,Lauri Markkanen,F-C,UTA,LAL,25.5,Pts+Asts,20b9963f-5562-4129-a164-8f28df9c292c,2024-01-13T21:40:00.000-05:00
79926,Lauri Markkanen,F-C,UTA,LAL,10.5,Rebs+Asts,20b9963f-5562-4129-a164-8f28df9c292c,2024-01-13T21:40:00.000-05:00
79926,Lauri Markkanen,F-C,UTA,LAL,32.5,Pts+Rebs,20b9963f-5562-4129-a164-8f28df9c292c,2024-01-13T21:40:00.000-05:00
79926,Lauri Markkanen,F-C,UTA,LAL,39,Fantasy Score,20b9963f-5562-4129-a164-8f28df9c292c,2024-01-13T21:40:00.000-05:00
79926,Lauri Markkanen,F-C,UTA,LAL,16.5,FG Attempted,20b9963f-5562-4129-a164-8f28df9c292c,2024-01-13T21:40:00.000-05:00
79926,Lauri Markkanen,F-C,UTA,LAL,8,3-PT Attempted,20b9963f-5562-4129-a164-8f28df9c292c,2024-01-13T21:40:00.000-05:00
79926,Lauri Markkanen,F-C,UTA,LAL,4,Free Throws Made,20b9963f-5562-4129-a164-8f28df9c292c,2024-01-13T21:40:00.000-05:00
79926,Lauri Markkanen,F-C,UTA,LAL,23.5,Points,20b9963f-5562-4129-a164-8f28df9c292c,2024-01-13T21:40:00.000-05:00
79926,Lauri Markkanen,F-C,UTA,LAL,8.5,Rebounds,20b9963f-5562-4129-a164-8f28df9c292c,2024-01-13T21:40:00.000-05:00
79926,Lauri Markkanen,F-C,UTA,LAL,0.5,Blocked Shots,20b9963f-5562-4129-a164-8f28df9c292c,2024-01-13T21:40:00.000-05:00
88346,Simone Fontecchio,F,UTA,LAL,10.5,Pts+Asts,20b9963f-5562-4129-a164-8f28df9c292c,2024-01-13T21:40:00.000-05:00
88346,Simone Fontecchio,F,UTA,LAL,12.5,Pts+Rebs,20b9963f-5562-4129-a164-8f28df9c292c,2024-01-13T21:40:00.000-05:00
88346,Simone Fontecchio,F,UTA,LAL,9,Points,20b9963f-5562-4129-a164-8f28df9c292c,2024-01-13T21:40:00.000-05:00
150850,Taurean Prince,F,LAL,UTA,15.5,Pts+Asts,20b9963f-5562-4129-a164-8f28df9c292c,2024-01-13T21:40:00.000-05:00
150850,Taurean Prince,F,LAL,UTA,3.5,Rebounds,20b9963f-5562-4129-a164-8f28df9c292c,2024-01-13T21:40:00.000-05:00
150850,Taurean Prince,F,LAL,UTA,6.5,3-PT Attempted,20b9963f-5562-4129-a164-8f28df9c292c,2024-01-13T21:40:00.000-05:00
150850,Taurean Prince,F,LAL,UTA,0.5,Free Throws Made,20b9963f-5562-4129-a164-8f28df9c292c,2024-01-13T21:40:00.000-05:00
150850,Taurean Prince,F,LAL,UTA,12.5,Points,20b9963f-5562-4129-a164-8f28df9c292c,2024-01-13T21:40:00.000-05:00
150850,Taurean Prince,F,LAL,UTA,16.5,Pts+Rebs,20b9963f-5562-4129-a164-8f28df9c292c,2024-01-13T21:40:00.000-05:00
150850,Taurean Prince,F,LAL,UTA,24,Fantasy Score,20b9963f-5562-4129-a164-8f28df9c292c,2024-01-13T21:40:00.000-05:00
79861,Walker Kessler,C,UTA,LAL,0.5,Turnovers,20b9963f-5562-4129-a164-8f28df9c292c,2024-01-13T21:40:00.000-05:00
79861,Walker Kessler,C,UTA,LAL,8,Points,20b9963f-5562-4129-a164-8f28df9c292c,2024-01-13T21:40:00.000-05:00
79861,Walker Kessler,C,UTA,LAL,14.5,Pts+Rebs,20b9963f-5562-4129-a164-8f28df9c292c,2024-01-13T21:40:00.000-05:00
79861,Walker Kessler,C,UTA,LAL,6.5,Rebounds,20b9963f-5562-4129-a164-8f28df9c292c,2024-01-13T21:40:00.000-05:00
